""
"CID","TERM","SUBJ","CRSE","SEC","UNITS"
"74011","200606","ABC","103","1","4"
""
"INSTRUCTOR(S)","TYPE","DAYS","TIME","BUILD","ROOM"
"Diaz, Michelle H.","Lecture","TWR","12:10 PM - 1:50 PM","MB5","1336"
"","Laboratory","W","2:10 PM - 4:40 PM","LH3","60"
"","Laboratory","R","2:10 PM - 4:40 PM","LH3","60"
""
"SEAT","SID","SURNAME","PREFNAME","LEVEL","UNITS","CLASS","MAJOR","GRADE","STATUS","EMAIL"
"1","393043746","Lara","Mateo","UG","4","SR","O250","A","RE","mateo.i.lara@fakeu.edu"
"2","758991219","Lott","Addison","UG","4","SR","O241","B","RE","addison.v.lott@fakeu.edu"
"3","175156704","Spence","Gavin","UG","4","SR","OT64","NS","RE","gavin.s.spence@fakeu.edu"
"4","753935817","Schneider","Zachary","UG","4","FR","OT26","D+","RE","zachary.s.schneider@fakeu.edu"
"5","207541747","Eaton","Nathan","UG","4","FR","O238","C-","RE","nathan.a.eaton@fakeu.edu"
"6","600789915","Dawson","Victoria","UG","4","FR","O215","A","RE","victoria.j.dawson@fakeu.edu"
"7","272427860","Sanchez","Samantha","UG","4","SR","O161","C-","RE","samantha.a.sanchez@fakeu.edu"
"8","959729112","Caldwell","Logan","UG","4","SR","OT13","A-","RE","logan.j.caldwell@fakeu.edu"
"9","694873824","Johnson","Camila","UG","4","SO","O256","A-","RE","camila.m.johnson@fakeu.edu"
"10","262556459","Chang","Hunter","UG","4","SO","O240","B-","RE","hunter.q.chang@fakeu.edu"
"11","466176936","Glenn","Jose","UG","4","JR","OTH8","B-","RE","jose.e.glenn@fakeu.edu"
""
"CID","TERM","SUBJ","CRSE","SEC","UNITS"
"54893","200606","ABC","105","1","4"
""
"INSTRUCTOR(S)","TYPE","DAYS","TIME","BUILD","ROOM"
"Diaz, Michelle H.","Lecture","TWR","9:00 AM - 10:40 AM","MB2","1014"
"","Discussion","T","2:10 PM - 3:40 PM","LH1","30"
""
"SEAT","SID","SURNAME","PREFNAME","LEVEL","UNITS","CLASS","MAJOR","GRADE","STATUS","EMAIL"
"1","631540755","Nicholson","Aiden","UG","4","SR","OT41","D","RE","aiden.a.nicholson@fakeu.edu"
"2","414616001","Garza","Tyler","UG","4","JR","OT62","D-","RE","tyler.g.garza@fakeu.edu"
"3","959888741","Spencer","Noah","UG","4","SR","OT42","D-","RE","noah.j.spencer@fakeu.edu"
"4","632007399","Rice","Jocelyn","UG","4","SR","OT42","C+","RE","jocelyn.v.rice@fakeu.edu"
"5","250328557","Howard","Evelyn","UG","4","JR","OT42","B","RE","evelyn.s.howard@fakeu.edu"
"6","105909837","Mills","Joseph","UG","4","JR","O237","A","RE","joseph.a.mills@fakeu.edu"
"7","136863959","Freeman","Ximena","UG","4","SO","ABC1","A","RE","ximena.s.freeman@fakeu.edu"
"8","448756358","Anderson","Emily","UG","4","JR","OT21","C-","RE","emily.l.anderson@fakeu.edu"
"9","936520309","Frazier","Leonardo","UG","4","SO","OT42","B+","RE","leonardo.z.frazier@fakeu.edu"
"10","241901990","Wood","Nathan","UG","4","SR","OT21","B+","RE","nathan.t.wood@fakeu.edu"
"11","330996775","Finley","Ella","UG","4","JR","OT42","C+","RE","ella.i.finley@fakeu.edu"
"12","928221683","Booker","Christian","UG","4","SO","DEF1","A","RE","christian.c.booker@fakeu.edu"
"13","329817765","Cooper","Aaliyah","UG","4","SO","OTH4","B+","RE","aaliyah.s.cooper@fakeu.edu"
"14","279267030","Warren","Damian","UG","4","SR","OT35","F","RE","damian.g.warren@fakeu.edu"
"15","424326083","Brown","Benjamin","UG","4","SO","OT42","C","RE","benjamin.v.brown@fakeu.edu"
"16","623443589","Gentry","Evelyn","UG","4","SR","OT42","B+","RE","evelyn.f.gentry@fakeu.edu"
"17","115504970","Moore","Emma","UG","4","SR","OTH8","C","RE","emma.c.moore@fakeu.edu"
"18","181810325","Palmer","Joshua","UG","4","FR","OT42","B-","RE","joshua.m.palmer@fakeu.edu"
"19","882549005","Ross","Michelle","UG","4","SO","OT16","C","RE","michelle.h.ross@fakeu.edu"
"20","107824850","Alford","Michael","UG","4","JR","ABC1","B","RE","michael.b.alford@fakeu.edu"
"21","739695579","Salinas","Samuel","UG","4","SO","O160","A","RE","samuel.m.salinas@fakeu.edu"
"22","519075365","Neal","Layla","UG","4","SR","O223","C-","RE","layla.g.neal@fakeu.edu"
"23","594238101","Nichols","Bryan","UG","4","SR","O185","C","RE","bryan.n.nichols@fakeu.edu"
"24","173809601","Henry","Michael","UG","0","SO","OTH4","B","RE","michael.c.henry@fakeu.edu"
"25","388235224","Carter","Jesse","UG","4","SR","O174","C+","RE","jesse.v.carter@fakeu.edu"
"26","864975933","Kelley","Nathan","UG","4","SO","OT16","F","RE","nathan.e.kelley@fakeu.edu"
"27","629207196","Sullivan","Noah","UG","4","SR","O174","B","RE","noah.j.sullivan@fakeu.edu"
"28","542045281","West","Diego","UG","4","JR","O239","B-","RE","diego.s.west@fakeu.edu"
"29","512009309","Patterson","Samantha","UG","4","SO","OT54","F","RE","samantha.v.patterson@fakeu.edu"
"30","999737896","Hines","Destiny","UG","4","SR","OT67","C+","RE","destiny.s.hines@fakeu.edu"
"31","492542314","Perez","Jack","ND","4","ND","O253","F","RE","jack.a.perez@fakeu.edu"
""
"CID","TERM","SUBJ","CRSE","SEC","UNITS"
"85690","200606","ABC","106","1","4"
""
"INSTRUCTOR(S)","TYPE","DAYS","TIME","BUILD","ROOM"
"White, Jose E.","Lecture","MTW","11:00 AM - 12:40 PM","MB2","1018"
"","Discussion","M","3:10 PM - 4:40 PM","MB2","1018"
""
"SEAT","SID","SURNAME","PREFNAME","LEVEL","UNITS","CLASS","MAJOR","GRADE","STATUS","EMAIL"
"1","183671971","Brown","Aiden","UG","4","SR","DEF1","F","RE","aiden.g.brown@fakeu.edu"
"2","540678228","Gonzales","Isabella","UG","4","SR","DEF1","B-","RE","isabella.z.gonzales@fakeu.edu"
"3","559672726","Williams","Olivia","UG","4","SR","DEF1","C","RE","olivia.o.williams@fakeu.edu"
"4","805125948","Dyer","Michael","UG","4","JR","DEF1","B+","RE","michael.e.dyer@fakeu.edu"
"5","501895336","Rios","Vanessa","UG","4","JR","ABC1","C","RE","vanessa.j.rios@fakeu.edu"
"6","204516584","Frazier","David","UG","4","JR","DEF1","B","RE","david.e.frazier@fakeu.edu"
"7","727431413","Burns","Ayden","UG","4","JR","DEF1","A","RE","ayden.j.burns@fakeu.edu"
"8","388771534","Rivera","Sophie","UG","4","SO","OT67","A-","RE","sophie.n.rivera@fakeu.edu"
"9","940787187","Webster","Benjamin","UG","4","SO","DEF1","B+","RE","benjamin.e.webster@fakeu.edu"
"10","945842565","Anderson","Ian","UG","4","SO","DEF1","B+","RE","ian.m.anderson@fakeu.edu"
"11","606426217","Franklin","David","UG","4","JR","O238","B+","RE","david.l.franklin@fakeu.edu"
"12","468392299","Johnson","Jacob","UG","4","SO","ABC2","B-","RE","jacob.a.johnson2@fakeu.edu"
"13","840405104","Graham","Emma","UG","4","JR","OT16","A","RE","emma.v.graham@fakeu.edu"
"14","974347946","Oliver","Liam","UG","4","JR","O160","F","RE","liam.a.oliver@fakeu.edu"
"15","617548078","Jackson","Jordan","UG","4","SR","OTH7","A","RE","jordan.l.jackson@fakeu.edu"
"16","343407072","Thomas","Daniel","UG","4","SR","DEF2","A-","RE","daniel.l.thomas@fakeu.edu"
"17","512885849","Smith","Chloe","UG","4","SO","DEF2","NG","RE","chloe.n.smith@fakeu.edu"
"18","437921133","Velazquez","Ivan","UG","4","FR","DEF2","NG","RE","ivan.a.velazquez@fakeu.edu"
"19","423540312","Fernandez","Christopher","UG","4","SR","O161","A-","RE","christopher.l.fernandez@fakeu.edu"
""
"CID","TERM","SUBJ","CRSE","SEC","UNITS"
"30973","200606","ABC","108","1","4"
""
"INSTRUCTOR(S)","TYPE","DAYS","TIME","BUILD","ROOM"
"White, Jose E.","Lecture","MTW","9:00 AM - 10:40 AM","MB2","1018"
"","Discussion","M","1:10 PM - 2:40 PM","MB2","1018"
""
"SEAT","SID","SURNAME","PREFNAME","LEVEL","UNITS","CLASS","MAJOR","GRADE","STATUS","EMAIL"
"1","675748306","White","Connor","UG","4","JR","ABC2","B+","RE","connor.s.white@fakeu.edu"
"2","872961641","Hardin","Vincent","UG","4","SR","OT68","A-","RE","vincent.a.hardin@fakeu.edu"
"3","597379463","Frank","Sophia","UG","4","SR","O237","A","RE","sophia.a.frank@fakeu.edu"
"4","738382995","Atkinson","Dylan","UG","4","JR","ABC1","C","RE","dylan.c.atkinson@fakeu.edu"
"5","125777693","Kim","Charlotte","UG","4","JR","ABC2","F","RE","charlotte.x.kim@fakeu.edu"
"6","138661356","Fletcher","Lily","UG","4","JR","ABC2","B","RE","lily.n.fletcher@fakeu.edu"
"7","364843871","Thomas","Isabella","UG","4","SR","ABC2","A","RE","isabella.n.thomas@fakeu.edu"
"8","617548078","Jackson","Jordan","UG","4","SR","OTH7","A-","RE","jordan.l.jackson@fakeu.edu"
"9","217684121","Davis","Angelina","UG","4","JR","ABC1","C","RE","angelina.a.davis@fakeu.edu"
"10","456515078","King","Mateo","UG","4","JR","ABC1","A","RE","mateo.a.king2@fakeu.edu"
"11","601857687","Burton","Sophia","UG","4","SO","ABC2","B","RE","sophia.h.burton@fakeu.edu"
"12","585013009","Johnson","Elijah","UG","4","SR","OT40","C","RE","elijah.n.johnson@fakeu.edu"
"13","483484712","Brown","Jayden","UG","4","JR","ABC1","F","RE","jayden.c.brown@fakeu.edu"
"14","640541197","Ratliff","Jonathan","UG","4","JR","ABC2","B","RE","jonathan.v.ratliff@fakeu.edu"
"15","503427887","Williams","Isaac","UG","4","SO","ABC2","C","RE","isaac.g.williams@fakeu.edu"
"16","903137631","Kidd","Emily","U2","4","U2","ABC2","A+","RE","emily.v.kidd@fakeu.edu"
"17","251417235","Silva","Sophia","UG","4","JR","ABC2","A","RE","sophia.j.silva@fakeu.edu"
"18","332253679","Davidson","Angel","ND","4","ND","OTH2","B-","RE","angel.j.davidson@fakeu.edu"
""
"CID","TERM","SUBJ","CRSE","SEC","UNITS"
"60309","200606","ABC","112","0","1.000 - 5.000"
""
"INSTRUCTOR(S)","TYPE","DAYS","TIME","BUILD","ROOM"
"","Internship","","","",""
""
"SEAT","SID","SURNAME","PREFNAME","LEVEL","UNITS","CLASS","MAJOR","GRADE","STATUS","EMAIL"
""
"CID","TERM","SUBJ","CRSE","SEC","UNITS"
"91806","200606","ABC","112","1","1.000 - 5.000"
""
"INSTRUCTOR(S)","TYPE","DAYS","TIME","BUILD","ROOM"
"","Internship","","","",""
""
"SEAT","SID","SURNAME","PREFNAME","LEVEL","UNITS","CLASS","MAJOR","GRADE","STATUS","EMAIL"
""
"CID","TERM","SUBJ","CRSE","SEC","UNITS"
"25759","200606","ABC","112","2","1.000 - 5.000"
""
"INSTRUCTOR(S)","TYPE","DAYS","TIME","BUILD","ROOM"
"Perry, Katherine V.","Internship","","","",""
""
"SEAT","SID","SURNAME","PREFNAME","LEVEL","UNITS","CLASS","MAJOR","GRADE","STATUS","EMAIL"
""
"CID","TERM","SUBJ","CRSE","SEC","UNITS"
"61907","200606","ABC","113","0","1.000 - 5.000"
""
"INSTRUCTOR(S)","TYPE","DAYS","TIME","BUILD","ROOM"
"","Variable","","","",""
""
"SEAT","SID","SURNAME","PREFNAME","LEVEL","UNITS","CLASS","MAJOR","GRADE","STATUS","EMAIL"
""
"CID","TERM","SUBJ","CRSE","SEC","UNITS"
"51275","200606","ABC","113","1","1.000 - 5.000"
""
"INSTRUCTOR(S)","TYPE","DAYS","TIME","BUILD","ROOM"
"","Variable","","","",""
""
"SEAT","SID","SURNAME","PREFNAME","LEVEL","UNITS","CLASS","MAJOR","GRADE","STATUS","EMAIL"
""
"CID","TERM","SUBJ","CRSE","SEC","UNITS"
"81087","200606","ABC","113","2","1.000 - 5.000"
""
"INSTRUCTOR(S)","TYPE","DAYS","TIME","BUILD","ROOM"
"Perry, Katherine V.","Variable","","","",""
""
"SEAT","SID","SURNAME","PREFNAME","LEVEL","UNITS","CLASS","MAJOR","GRADE","STATUS","EMAIL"
""
"CID","TERM","SUBJ","CRSE","SEC","UNITS"
"36147","200606","ABC","114","0","1.000 - 5.000"
""
"INSTRUCTOR(S)","TYPE","DAYS","TIME","BUILD","ROOM"
"","Variable","","","",""
""
"SEAT","SID","SURNAME","PREFNAME","LEVEL","UNITS","CLASS","MAJOR","GRADE","STATUS","EMAIL"
""
"CID","TERM","SUBJ","CRSE","SEC","UNITS"
"25829","200606","ABC","114","1","1.000 - 5.000"
""
"INSTRUCTOR(S)","TYPE","DAYS","TIME","BUILD","ROOM"
"","Variable","","","",""
""
"SEAT","SID","SURNAME","PREFNAME","LEVEL","UNITS","CLASS","MAJOR","GRADE","STATUS","EMAIL"
""
"CID","TERM","SUBJ","CRSE","SEC","UNITS"
"33256","200606","ABC","114","2","1.000 - 5.000"
""
"INSTRUCTOR(S)","TYPE","DAYS","TIME","BUILD","ROOM"
"Perry, Katherine V.","Variable","","","",""
""
"SEAT","SID","SURNAME","PREFNAME","LEVEL","UNITS","CLASS","MAJOR","GRADE","STATUS","EMAIL"
""
"CID","TERM","SUBJ","CRSE","SEC","UNITS"
"29213","200606","ABC","251","0","1"
""
"INSTRUCTOR(S)","TYPE","DAYS","TIME","BUILD","ROOM"
"","Discussion","","","",""
""
"SEAT","SID","SURNAME","PREFNAME","LEVEL","UNITS","CLASS","MAJOR","GRADE","STATUS","EMAIL"
""
"CID","TERM","SUBJ","CRSE","SEC","UNITS"
"31138","200606","ABC","251","1","1"
""
"INSTRUCTOR(S)","TYPE","DAYS","TIME","BUILD","ROOM"
"","Discussion","","","",""
""
"SEAT","SID","SURNAME","PREFNAME","LEVEL","UNITS","CLASS","MAJOR","GRADE","STATUS","EMAIL"
""
"CID","TERM","SUBJ","CRSE","SEC","UNITS"
"64350","200606","ABC","251","2","1"
""
"INSTRUCTOR(S)","TYPE","DAYS","TIME","BUILD","ROOM"
"Perry, Katherine V.","Discussion","","","",""
""
"SEAT","SID","SURNAME","PREFNAME","LEVEL","UNITS","CLASS","MAJOR","GRADE","STATUS","EMAIL"
""
"CID","TERM","SUBJ","CRSE","SEC","UNITS"
"55876","200606","ABC","251","29","1"
""
"INSTRUCTOR(S)","TYPE","DAYS","TIME","BUILD","ROOM"
"","Discussion","","","",""
""
"SEAT","SID","SURNAME","PREFNAME","LEVEL","UNITS","CLASS","MAJOR","GRADE","STATUS","EMAIL"
""
"CID","TERM","SUBJ","CRSE","SEC","UNITS"
"36418","200606","ABC","253","0","1.000 - 5.000"
""
"INSTRUCTOR(S)","TYPE","DAYS","TIME","BUILD","ROOM"
"","Internship","","","",""
""
"SEAT","SID","SURNAME","PREFNAME","LEVEL","UNITS","CLASS","MAJOR","GRADE","STATUS","EMAIL"
""
"CID","TERM","SUBJ","CRSE","SEC","UNITS"
"67723","200606","ABC","253","1","1.000 - 5.000"
""
"INSTRUCTOR(S)","TYPE","DAYS","TIME","BUILD","ROOM"
"","Internship","","","",""
""
"SEAT","SID","SURNAME","PREFNAME","LEVEL","UNITS","CLASS","MAJOR","GRADE","STATUS","EMAIL"
""
"CID","TERM","SUBJ","CRSE","SEC","UNITS"
"84574","200606","ABC","253","2","1.000 - 5.000"
""
"INSTRUCTOR(S)","TYPE","DAYS","TIME","BUILD","ROOM"
"Perry, Katherine V.","Internship","","","",""
""
"SEAT","SID","SURNAME","PREFNAME","LEVEL","UNITS","CLASS","MAJOR","GRADE","STATUS","EMAIL"
""
"CID","TERM","SUBJ","CRSE","SEC","UNITS"
"87109","200606","ABC","256","0","1.000 - 5.000"
""
"INSTRUCTOR(S)","TYPE","DAYS","TIME","BUILD","ROOM"
"","Variable","","","",""
""
"SEAT","SID","SURNAME","PREFNAME","LEVEL","UNITS","CLASS","MAJOR","GRADE","STATUS","EMAIL"
""
"CID","TERM","SUBJ","CRSE","SEC","UNITS"
"55703","200606","ABC","256","1","1.000 - 5.000"
""
"INSTRUCTOR(S)","TYPE","DAYS","TIME","BUILD","ROOM"
"","Variable","","","",""
""
"SEAT","SID","SURNAME","PREFNAME","LEVEL","UNITS","CLASS","MAJOR","GRADE","STATUS","EMAIL"
""
"CID","TERM","SUBJ","CRSE","SEC","UNITS"
"68570","200606","ABC","256","2","1.000 - 5.000"
""
"INSTRUCTOR(S)","TYPE","DAYS","TIME","BUILD","ROOM"
"Perry, Katherine V.","Variable","","","",""
""
"SEAT","SID","SURNAME","PREFNAME","LEVEL","UNITS","CLASS","MAJOR","GRADE","STATUS","EMAIL"
""
"CID","TERM","SUBJ","CRSE","SEC","UNITS"
"19835","200606","ABC","261","0","1.000 - 5.000"
""
"INSTRUCTOR(S)","TYPE","DAYS","TIME","BUILD","ROOM"
"","Variable","","","",""
""
"SEAT","SID","SURNAME","PREFNAME","LEVEL","UNITS","CLASS","MAJOR","GRADE","STATUS","EMAIL"
""
"CID","TERM","SUBJ","CRSE","SEC","UNITS"
"92478","200606","ABC","261","1","1.000 - 5.000"
""
"INSTRUCTOR(S)","TYPE","DAYS","TIME","BUILD","ROOM"
"","Variable","","","",""
""
"SEAT","SID","SURNAME","PREFNAME","LEVEL","UNITS","CLASS","MAJOR","GRADE","STATUS","EMAIL"
""
"CID","TERM","SUBJ","CRSE","SEC","UNITS"
"26406","200606","ABC","261","2","1.000 - 5.000"
""
"INSTRUCTOR(S)","TYPE","DAYS","TIME","BUILD","ROOM"
"Perry, Katherine V.","Variable","","","",""
""
"SEAT","SID","SURNAME","PREFNAME","LEVEL","UNITS","CLASS","MAJOR","GRADE","STATUS","EMAIL"
""
"CID","TERM","SUBJ","CRSE","SEC","UNITS"
"50030","200606","ABC","261","29","1.000 - 5.000"
""
"INSTRUCTOR(S)","TYPE","DAYS","TIME","BUILD","ROOM"
"","Variable","","","",""
""
"SEAT","SID","SURNAME","PREFNAME","LEVEL","UNITS","CLASS","MAJOR","GRADE","STATUS","EMAIL"
""
"CID","TERM","SUBJ","CRSE","SEC","UNITS"
"63863","200606","ABC","371","0","1"
""
"INSTRUCTOR(S)","TYPE","DAYS","TIME","BUILD","ROOM"
"","Discussion","","","",""
""
"SEAT","SID","SURNAME","PREFNAME","LEVEL","UNITS","CLASS","MAJOR","GRADE","STATUS","EMAIL"
""
"CID","TERM","SUBJ","CRSE","SEC","UNITS"
"49980","200606","ABC","371","1","1"
""
"INSTRUCTOR(S)","TYPE","DAYS","TIME","BUILD","ROOM"
"","Discussion","","","",""
""
"SEAT","SID","SURNAME","PREFNAME","LEVEL","UNITS","CLASS","MAJOR","GRADE","STATUS","EMAIL"
""
"CID","TERM","SUBJ","CRSE","SEC","UNITS"
"31847","200606","ABC","371","2","1"
""
"INSTRUCTOR(S)","TYPE","DAYS","TIME","BUILD","ROOM"
"Perry, Katherine V.","Discussion","","","",""
""
"SEAT","SID","SURNAME","PREFNAME","LEVEL","UNITS","CLASS","MAJOR","GRADE","STATUS","EMAIL"
""
"CID","TERM","SUBJ","CRSE","SEC","UNITS"
"39524","200606","ABC","371","17","1"
""
"INSTRUCTOR(S)","TYPE","DAYS","TIME","BUILD","ROOM"
"Rutledge, Ashley B.","Discussion","","","",""
""
"SEAT","SID","SURNAME","PREFNAME","LEVEL","UNITS","CLASS","MAJOR","GRADE","STATUS","EMAIL"
""
"CID","TERM","SUBJ","CRSE","SEC","UNITS"
"59506","200606","ABC","371","23","1"
""
"INSTRUCTOR(S)","TYPE","DAYS","TIME","BUILD","ROOM"
"Donaldson, Matthew C.","Discussion","","","",""
""
"SEAT","SID","SURNAME","PREFNAME","LEVEL","UNITS","CLASS","MAJOR","GRADE","STATUS","EMAIL"
""
"CID","TERM","SUBJ","CRSE","SEC","UNITS"
"42155","200606","ABC","371","30","1"
""
"INSTRUCTOR(S)","TYPE","DAYS","TIME","BUILD","ROOM"
"","Discussion","","","",""
""
"SEAT","SID","SURNAME","PREFNAME","LEVEL","UNITS","CLASS","MAJOR","GRADE","STATUS","EMAIL"
""
"CID","TERM","SUBJ","CRSE","SEC","UNITS"
"52487","200606","ABC","371","34","1"
""
"INSTRUCTOR(S)","TYPE","DAYS","TIME","BUILD","ROOM"
"","Discussion","","","",""
""
"SEAT","SID","SURNAME","PREFNAME","LEVEL","UNITS","CLASS","MAJOR","GRADE","STATUS","EMAIL"
""
"CID","TERM","SUBJ","CRSE","SEC","UNITS"
"75190","200606","ABC","375","0","1.000 - 5.000"
""
"INSTRUCTOR(S)","TYPE","DAYS","TIME","BUILD","ROOM"
"","Variable","","","",""
""
"SEAT","SID","SURNAME","PREFNAME","LEVEL","UNITS","CLASS","MAJOR","GRADE","STATUS","EMAIL"
""
"CID","TERM","SUBJ","CRSE","SEC","UNITS"
"14521","200606","ABC","375","1","1.000 - 5.000"
""
"INSTRUCTOR(S)","TYPE","DAYS","TIME","BUILD","ROOM"
"","Variable","","","",""
""
"SEAT","SID","SURNAME","PREFNAME","LEVEL","UNITS","CLASS","MAJOR","GRADE","STATUS","EMAIL"
""
"CID","TERM","SUBJ","CRSE","SEC","UNITS"
"70156","200606","ABC","375","2","1.000 - 5.000"
""
"INSTRUCTOR(S)","TYPE","DAYS","TIME","BUILD","ROOM"
"Perry, Katherine V.","Variable","","","",""
""
"SEAT","SID","SURNAME","PREFNAME","LEVEL","UNITS","CLASS","MAJOR","GRADE","STATUS","EMAIL"
""
"CID","TERM","SUBJ","CRSE","SEC","UNITS"
"36475","200606","ABC","376","0","1.000 - 12.000"
""
"INSTRUCTOR(S)","TYPE","DAYS","TIME","BUILD","ROOM"
"","Variable","","","",""
""
"SEAT","SID","SURNAME","PREFNAME","LEVEL","UNITS","CLASS","MAJOR","GRADE","STATUS","EMAIL"
""
"CID","TERM","SUBJ","CRSE","SEC","UNITS"
"68562","200606","ABC","376","1","1.000 - 12.000"
""
"INSTRUCTOR(S)","TYPE","DAYS","TIME","BUILD","ROOM"
"","Variable","","","",""
""
"SEAT","SID","SURNAME","PREFNAME","LEVEL","UNITS","CLASS","MAJOR","GRADE","STATUS","EMAIL"
"1","132360675","Sanford","Andrew","GR","1","D2","ABCG","NG","RE","andrew.s.sanford@fakeu.edu"
"2","971301660","Allen","Zachary","GR","1","D1","ABCG","NG","RE","zachary.l.allen@fakeu.edu"
"3","302278571","Levine","Gavin","GR","1","D2","ABCG","NG","RE","gavin.c.levine@fakeu.edu"
"4","259084709","Olson","Valeria","GR","1","D2","ABCG","NG","RE","valeria.s.olson@fakeu.edu"
"5","325109081","Garza","Mia","GR","1","D2","ABCG","NG","RE","mia.o.garza@fakeu.edu"
"6","855123553","Hart","Jeremiah","GR","1","D2","ABCG","NG","RE","jeremiah.a.hart@fakeu.edu"
"7","458488865","Rose","Eli","GR","1","D1","ABCG","NG","RE","eli.h.rose@fakeu.edu"
"8","434205087","Tyler","Ariana","GR","1","D2","ABCG","NG","RE","ariana.t.tyler@fakeu.edu"
""
"CID","TERM","SUBJ","CRSE","SEC","UNITS"
"86701","200606","ABC","376","2","1.000 - 12.000"
""
"INSTRUCTOR(S)","TYPE","DAYS","TIME","BUILD","ROOM"
"Perry, Katherine V.","Variable","","","",""
""
"SEAT","SID","SURNAME","PREFNAME","LEVEL","UNITS","CLASS","MAJOR","GRADE","STATUS","EMAIL"
""
"CID","TERM","SUBJ","CRSE","SEC","UNITS"
"42038","200606","ABC","376","10","1.000 - 12.000"
""
"INSTRUCTOR(S)","TYPE","DAYS","TIME","BUILD","ROOM"
"Johnson, Abigail N.","Variable","","","",""
""
"SEAT","SID","SURNAME","PREFNAME","LEVEL","UNITS","CLASS","MAJOR","GRADE","STATUS","EMAIL"
""
"CID","TERM","SUBJ","CRSE","SEC","UNITS"
"38090","200606","ABC","376","13","1.000 - 12.000"
""
"INSTRUCTOR(S)","TYPE","DAYS","TIME","BUILD","ROOM"
"Snyder, Samantha R.","Variable","","","",""
""
"SEAT","SID","SURNAME","PREFNAME","LEVEL","UNITS","CLASS","MAJOR","GRADE","STATUS","EMAIL"
""
"CID","TERM","SUBJ","CRSE","SEC","UNITS"
"33694","200606","ABC","376","17","1.000 - 12.000"
""
"INSTRUCTOR(S)","TYPE","DAYS","TIME","BUILD","ROOM"
"Rutledge, Ashley B.","Variable","","","",""
""
"SEAT","SID","SURNAME","PREFNAME","LEVEL","UNITS","CLASS","MAJOR","GRADE","STATUS","EMAIL"
""
"CID","TERM","SUBJ","CRSE","SEC","UNITS"
"38671","200606","ABC","376","20","1.000 - 12.000"
""
"INSTRUCTOR(S)","TYPE","DAYS","TIME","BUILD","ROOM"
"Green, Isabella M.","Variable","","","",""
""
"SEAT","SID","SURNAME","PREFNAME","LEVEL","UNITS","CLASS","MAJOR","GRADE","STATUS","EMAIL"
""
"CID","TERM","SUBJ","CRSE","SEC","UNITS"
"94661","200606","ABC","376","23","1.000 - 12.000"
""
"INSTRUCTOR(S)","TYPE","DAYS","TIME","BUILD","ROOM"
"Donaldson, Matthew C.","Variable","","","",""
""
"SEAT","SID","SURNAME","PREFNAME","LEVEL","UNITS","CLASS","MAJOR","GRADE","STATUS","EMAIL"
""
"CID","TERM","SUBJ","CRSE","SEC","UNITS"
"10316","200606","ABC","376","33","1.000 - 12.000"
""
"INSTRUCTOR(S)","TYPE","DAYS","TIME","BUILD","ROOM"
"","Variable","","","",""
""
"SEAT","SID","SURNAME","PREFNAME","LEVEL","UNITS","CLASS","MAJOR","GRADE","STATUS","EMAIL"
""
"CID","TERM","SUBJ","CRSE","SEC","UNITS"
"95574","200606","ABC","378","0","1"
""
"INSTRUCTOR(S)","TYPE","DAYS","TIME","BUILD","ROOM"
"","Discussion","","","",""
""
"SEAT","SID","SURNAME","PREFNAME","LEVEL","UNITS","CLASS","MAJOR","GRADE","STATUS","EMAIL"
""
"CID","TERM","SUBJ","CRSE","SEC","UNITS"
"14528","200606","ABC","378","1","1"
""
"INSTRUCTOR(S)","TYPE","DAYS","TIME","BUILD","ROOM"
"","Discussion","","","",""
""
"SEAT","SID","SURNAME","PREFNAME","LEVEL","UNITS","CLASS","MAJOR","GRADE","STATUS","EMAIL"
""
"CID","TERM","SUBJ","CRSE","SEC","UNITS"
"88288","200606","ABC","378","2","1"
""
"INSTRUCTOR(S)","TYPE","DAYS","TIME","BUILD","ROOM"
"Perry, Katherine V.","Discussion","","","",""
""
"SEAT","SID","SURNAME","PREFNAME","LEVEL","UNITS","CLASS","MAJOR","GRADE","STATUS","EMAIL"
""
"CID","TERM","SUBJ","CRSE","SEC","UNITS"
"69237","200606","ABC","379","0","1.000 - 4.000"
""
"INSTRUCTOR(S)","TYPE","DAYS","TIME","BUILD","ROOM"
"","Variable","","","",""
""
"SEAT","SID","SURNAME","PREFNAME","LEVEL","UNITS","CLASS","MAJOR","GRADE","STATUS","EMAIL"
""
"CID","TERM","SUBJ","CRSE","SEC","UNITS"
"43249","200606","ABC","379","1","1.000 - 4.000"
""
"INSTRUCTOR(S)","TYPE","DAYS","TIME","BUILD","ROOM"
"","Variable","","","",""
""
"SEAT","SID","SURNAME","PREFNAME","LEVEL","UNITS","CLASS","MAJOR","GRADE","STATUS","EMAIL"
""
"CID","TERM","SUBJ","CRSE","SEC","UNITS"
"47428","200606","ABC","379","2","1.000 - 4.000"
""
"INSTRUCTOR(S)","TYPE","DAYS","TIME","BUILD","ROOM"
"Perry, Katherine V.","Variable","","","",""
""
"SEAT","SID","SURNAME","PREFNAME","LEVEL","UNITS","CLASS","MAJOR","GRADE","STATUS","EMAIL"
""
"CID","TERM","SUBJ","CRSE","SEC","UNITS"
"19172","200606","ABC","112","0","1.000 - 5.000"
""
"INSTRUCTOR(S)","TYPE","DAYS","TIME","BUILD","ROOM"
"","Internship","","","",""
""
"SEAT","SID","SURNAME","PREFNAME","LEVEL","UNITS","CLASS","MAJOR","GRADE","STATUS","EMAIL"
""
"CID","TERM","SUBJ","CRSE","SEC","UNITS"
"82984","200606","ABC","112","1","1.000 - 5.000"
""
"INSTRUCTOR(S)","TYPE","DAYS","TIME","BUILD","ROOM"
"","Internship","","","",""
""
"SEAT","SID","SURNAME","PREFNAME","LEVEL","UNITS","CLASS","MAJOR","GRADE","STATUS","EMAIL"
""
"CID","TERM","SUBJ","CRSE","SEC","UNITS"
"39143","200606","ABC","112","2","1.000 - 5.000"
""
"INSTRUCTOR(S)","TYPE","DAYS","TIME","BUILD","ROOM"
"Perry, Katherine V.","Internship","","","",""
""
"SEAT","SID","SURNAME","PREFNAME","LEVEL","UNITS","CLASS","MAJOR","GRADE","STATUS","EMAIL"
""
"CID","TERM","SUBJ","CRSE","SEC","UNITS"
"38830","200606","ABC","113","0","1.000 - 5.000"
""
"INSTRUCTOR(S)","TYPE","DAYS","TIME","BUILD","ROOM"
"","Variable","","","",""
""
"SEAT","SID","SURNAME","PREFNAME","LEVEL","UNITS","CLASS","MAJOR","GRADE","STATUS","EMAIL"
""
"CID","TERM","SUBJ","CRSE","SEC","UNITS"
"27173","200606","ABC","113","1","1.000 - 5.000"
""
"INSTRUCTOR(S)","TYPE","DAYS","TIME","BUILD","ROOM"
"","Variable","","","",""
""
"SEAT","SID","SURNAME","PREFNAME","LEVEL","UNITS","CLASS","MAJOR","GRADE","STATUS","EMAIL"
""
"CID","TERM","SUBJ","CRSE","SEC","UNITS"
"17989","200606","ABC","113","2","1.000 - 5.000"
""
"INSTRUCTOR(S)","TYPE","DAYS","TIME","BUILD","ROOM"
"Perry, Katherine V.","Variable","","","",""
""
"SEAT","SID","SURNAME","PREFNAME","LEVEL","UNITS","CLASS","MAJOR","GRADE","STATUS","EMAIL"
""
"CID","TERM","SUBJ","CRSE","SEC","UNITS"
"32861","200606","ABC","114","0","1.000 - 5.000"
""
"INSTRUCTOR(S)","TYPE","DAYS","TIME","BUILD","ROOM"
"","Variable","","","",""
""
"SEAT","SID","SURNAME","PREFNAME","LEVEL","UNITS","CLASS","MAJOR","GRADE","STATUS","EMAIL"
""
"CID","TERM","SUBJ","CRSE","SEC","UNITS"
"60049","200606","ABC","114","1","1.000 - 5.000"
""
"INSTRUCTOR(S)","TYPE","DAYS","TIME","BUILD","ROOM"
"","Variable","","","",""
""
"SEAT","SID","SURNAME","PREFNAME","LEVEL","UNITS","CLASS","MAJOR","GRADE","STATUS","EMAIL"
""
"CID","TERM","SUBJ","CRSE","SEC","UNITS"
"22039","200606","ABC","114","2","1.000 - 5.000"
""
"INSTRUCTOR(S)","TYPE","DAYS","TIME","BUILD","ROOM"
"Perry, Katherine V.","Variable","","","",""
""
"SEAT","SID","SURNAME","PREFNAME","LEVEL","UNITS","CLASS","MAJOR","GRADE","STATUS","EMAIL"
""
"CID","TERM","SUBJ","CRSE","SEC","UNITS"
"69969","200606","ABC","251","0","1"
""
"INSTRUCTOR(S)","TYPE","DAYS","TIME","BUILD","ROOM"
"","Discussion","","","",""
""
"SEAT","SID","SURNAME","PREFNAME","LEVEL","UNITS","CLASS","MAJOR","GRADE","STATUS","EMAIL"
""
"CID","TERM","SUBJ","CRSE","SEC","UNITS"
"19970","200606","ABC","251","1","1"
""
"INSTRUCTOR(S)","TYPE","DAYS","TIME","BUILD","ROOM"
"","Discussion","","","",""
""
"SEAT","SID","SURNAME","PREFNAME","LEVEL","UNITS","CLASS","MAJOR","GRADE","STATUS","EMAIL"
""
"CID","TERM","SUBJ","CRSE","SEC","UNITS"
"79637","200606","ABC","251","2","1"
""
"INSTRUCTOR(S)","TYPE","DAYS","TIME","BUILD","ROOM"
"Perry, Katherine V.","Discussion","","","",""
""
"SEAT","SID","SURNAME","PREFNAME","LEVEL","UNITS","CLASS","MAJOR","GRADE","STATUS","EMAIL"
""
"CID","TERM","SUBJ","CRSE","SEC","UNITS"
"13254","200606","ABC","253","0","1.000 - 5.000"
""
"INSTRUCTOR(S)","TYPE","DAYS","TIME","BUILD","ROOM"
"","Internship","","","",""
""
"SEAT","SID","SURNAME","PREFNAME","LEVEL","UNITS","CLASS","MAJOR","GRADE","STATUS","EMAIL"
""
"CID","TERM","SUBJ","CRSE","SEC","UNITS"
"78476","200606","ABC","253","1","1.000 - 5.000"
""
"INSTRUCTOR(S)","TYPE","DAYS","TIME","BUILD","ROOM"
"","Internship","","","",""
""
"SEAT","SID","SURNAME","PREFNAME","LEVEL","UNITS","CLASS","MAJOR","GRADE","STATUS","EMAIL"
""
"CID","TERM","SUBJ","CRSE","SEC","UNITS"
"23275","200606","ABC","253","2","1.000 - 5.000"
""
"INSTRUCTOR(S)","TYPE","DAYS","TIME","BUILD","ROOM"
"Perry, Katherine V.","Internship","","","",""
""
"SEAT","SID","SURNAME","PREFNAME","LEVEL","UNITS","CLASS","MAJOR","GRADE","STATUS","EMAIL"
""
"CID","TERM","SUBJ","CRSE","SEC","UNITS"
"61791","200606","ABC","256","0","1.000 - 5.000"
""
"INSTRUCTOR(S)","TYPE","DAYS","TIME","BUILD","ROOM"
"","Variable","","","",""
""
"SEAT","SID","SURNAME","PREFNAME","LEVEL","UNITS","CLASS","MAJOR","GRADE","STATUS","EMAIL"
""
"CID","TERM","SUBJ","CRSE","SEC","UNITS"
"67859","200606","ABC","256","1","1.000 - 5.000"
""
"INSTRUCTOR(S)","TYPE","DAYS","TIME","BUILD","ROOM"
"","Variable","","","",""
""
"SEAT","SID","SURNAME","PREFNAME","LEVEL","UNITS","CLASS","MAJOR","GRADE","STATUS","EMAIL"
""
"CID","TERM","SUBJ","CRSE","SEC","UNITS"
"22442","200606","ABC","256","2","1.000 - 5.000"
""
"INSTRUCTOR(S)","TYPE","DAYS","TIME","BUILD","ROOM"
"Perry, Katherine V.","Variable","","","",""
""
"SEAT","SID","SURNAME","PREFNAME","LEVEL","UNITS","CLASS","MAJOR","GRADE","STATUS","EMAIL"
""
"CID","TERM","SUBJ","CRSE","SEC","UNITS"
"53350","200606","ABC","261","0","1.000 - 5.000"
""
"INSTRUCTOR(S)","TYPE","DAYS","TIME","BUILD","ROOM"
"","Variable","","","",""
""
"SEAT","SID","SURNAME","PREFNAME","LEVEL","UNITS","CLASS","MAJOR","GRADE","STATUS","EMAIL"
""
"CID","TERM","SUBJ","CRSE","SEC","UNITS"
"49406","200606","ABC","261","1","1.000 - 5.000"
""
"INSTRUCTOR(S)","TYPE","DAYS","TIME","BUILD","ROOM"
"","Variable","","","",""
""
"SEAT","SID","SURNAME","PREFNAME","LEVEL","UNITS","CLASS","MAJOR","GRADE","STATUS","EMAIL"
""
"CID","TERM","SUBJ","CRSE","SEC","UNITS"
"96238","200606","ABC","261","2","1.000 - 5.000"
""
"INSTRUCTOR(S)","TYPE","DAYS","TIME","BUILD","ROOM"
"Perry, Katherine V.","Variable","","","",""
""
"SEAT","SID","SURNAME","PREFNAME","LEVEL","UNITS","CLASS","MAJOR","GRADE","STATUS","EMAIL"
""
"CID","TERM","SUBJ","CRSE","SEC","UNITS"
"18004","200606","ABC","371","0","1"
""
"INSTRUCTOR(S)","TYPE","DAYS","TIME","BUILD","ROOM"
"","Discussion","","","",""
""
"SEAT","SID","SURNAME","PREFNAME","LEVEL","UNITS","CLASS","MAJOR","GRADE","STATUS","EMAIL"
""
"CID","TERM","SUBJ","CRSE","SEC","UNITS"
"98188","200606","ABC","371","1","1"
""
"INSTRUCTOR(S)","TYPE","DAYS","TIME","BUILD","ROOM"
"","Discussion","","","",""
""
"SEAT","SID","SURNAME","PREFNAME","LEVEL","UNITS","CLASS","MAJOR","GRADE","STATUS","EMAIL"
""
"CID","TERM","SUBJ","CRSE","SEC","UNITS"
"26145","200606","ABC","371","2","1"
""
"INSTRUCTOR(S)","TYPE","DAYS","TIME","BUILD","ROOM"
"Perry, Katherine V.","Discussion","","","",""
""
"SEAT","SID","SURNAME","PREFNAME","LEVEL","UNITS","CLASS","MAJOR","GRADE","STATUS","EMAIL"
""
"CID","TERM","SUBJ","CRSE","SEC","UNITS"
"89205","200606","ABC","375","0","1.000 - 5.000"
""
"INSTRUCTOR(S)","TYPE","DAYS","TIME","BUILD","ROOM"
"","Variable","","","",""
""
"SEAT","SID","SURNAME","PREFNAME","LEVEL","UNITS","CLASS","MAJOR","GRADE","STATUS","EMAIL"
""
"CID","TERM","SUBJ","CRSE","SEC","UNITS"
"57900","200606","ABC","375","1","1.000 - 5.000"
""
"INSTRUCTOR(S)","TYPE","DAYS","TIME","BUILD","ROOM"
"","Variable","","","",""
""
"SEAT","SID","SURNAME","PREFNAME","LEVEL","UNITS","CLASS","MAJOR","GRADE","STATUS","EMAIL"
""
"CID","TERM","SUBJ","CRSE","SEC","UNITS"
"87752","200606","ABC","375","2","1.000 - 5.000"
""
"INSTRUCTOR(S)","TYPE","DAYS","TIME","BUILD","ROOM"
"Perry, Katherine V.","Variable","","","",""
""
"SEAT","SID","SURNAME","PREFNAME","LEVEL","UNITS","CLASS","MAJOR","GRADE","STATUS","EMAIL"
""
"CID","TERM","SUBJ","CRSE","SEC","UNITS"
"98631","200606","ABC","376","0","1.000 - 12.000"
""
"INSTRUCTOR(S)","TYPE","DAYS","TIME","BUILD","ROOM"
"","Variable","","","",""
""
"SEAT","SID","SURNAME","PREFNAME","LEVEL","UNITS","CLASS","MAJOR","GRADE","STATUS","EMAIL"
""
"CID","TERM","SUBJ","CRSE","SEC","UNITS"
"84577","200606","ABC","376","1","1.000 - 12.000"
""
"INSTRUCTOR(S)","TYPE","DAYS","TIME","BUILD","ROOM"
"","Variable","","","",""
""
"SEAT","SID","SURNAME","PREFNAME","LEVEL","UNITS","CLASS","MAJOR","GRADE","STATUS","EMAIL"
"1","983248724","Freeman","Brayden","GR","1","D1","ABCG","S","RE","brayden.r.freeman@fakeu.edu"
"2","831120222","Barber","Jacob","GR","1","D2","ABCG","S","RE","jacob.e.barber@fakeu.edu"
"3","257722978","Dillon","Addison","GR","1","D1","ABCG","S","RE","addison.l.dillon@fakeu.edu"
"4","156747187","Navarro","Elijah","GR","1","D2","ABCG","S","RE","elijah.h.navarro@fakeu.edu"
"5","551024130","Miller","Jesus","GR","1","D1","ABCG","S","RE","jesus.l.miller@fakeu.edu"
""
"CID","TERM","SUBJ","CRSE","SEC","UNITS"
"14975","200606","ABC","376","2","1.000 - 12.000"
""
"INSTRUCTOR(S)","TYPE","DAYS","TIME","BUILD","ROOM"
"Perry, Katherine V.","Variable","","","",""
""
"SEAT","SID","SURNAME","PREFNAME","LEVEL","UNITS","CLASS","MAJOR","GRADE","STATUS","EMAIL"
""
"CID","TERM","SUBJ","CRSE","SEC","UNITS"
"70762","200606","ABC","378","0","1"
""
"INSTRUCTOR(S)","TYPE","DAYS","TIME","BUILD","ROOM"
"","Discussion","","","",""
""
"SEAT","SID","SURNAME","PREFNAME","LEVEL","UNITS","CLASS","MAJOR","GRADE","STATUS","EMAIL"
""
"CID","TERM","SUBJ","CRSE","SEC","UNITS"
"45675","200606","ABC","378","1","1"
""
"INSTRUCTOR(S)","TYPE","DAYS","TIME","BUILD","ROOM"
"","Discussion","","","",""
""
"SEAT","SID","SURNAME","PREFNAME","LEVEL","UNITS","CLASS","MAJOR","GRADE","STATUS","EMAIL"
""
"CID","TERM","SUBJ","CRSE","SEC","UNITS"
"46054","200606","ABC","378","2","1"
""
"INSTRUCTOR(S)","TYPE","DAYS","TIME","BUILD","ROOM"
"Perry, Katherine V.","Discussion","","","",""
""
"SEAT","SID","SURNAME","PREFNAME","LEVEL","UNITS","CLASS","MAJOR","GRADE","STATUS","EMAIL"
""
"CID","TERM","SUBJ","CRSE","SEC","UNITS"
"39274","200606","ABC","379","0","1.000 - 4.000"
""
"INSTRUCTOR(S)","TYPE","DAYS","TIME","BUILD","ROOM"
"","Variable","","","",""
""
"SEAT","SID","SURNAME","PREFNAME","LEVEL","UNITS","CLASS","MAJOR","GRADE","STATUS","EMAIL"
""
"CID","TERM","SUBJ","CRSE","SEC","UNITS"
"55728","200606","ABC","379","1","1.000 - 4.000"
""
"INSTRUCTOR(S)","TYPE","DAYS","TIME","BUILD","ROOM"
"","Variable","","","",""
""
"SEAT","SID","SURNAME","PREFNAME","LEVEL","UNITS","CLASS","MAJOR","GRADE","STATUS","EMAIL"
""
"CID","TERM","SUBJ","CRSE","SEC","UNITS"
"39489","200606","ABC","379","2","1.000 - 4.000"
""
"INSTRUCTOR(S)","TYPE","DAYS","TIME","BUILD","ROOM"
"Perry, Katherine V.","Variable","","","",""
""
"SEAT","SID","SURNAME","PREFNAME","LEVEL","UNITS","CLASS","MAJOR","GRADE","STATUS","EMAIL"
""
"CID","TERM","SUBJ","CRSE","SEC","UNITS"
"55106","200606","DEF","106","1","1"
""
"INSTRUCTOR(S)","TYPE","DAYS","TIME","BUILD","ROOM"
"Mcdaniel, Elijah I.","Discussion","","","",""
""
"SEAT","SID","SURNAME","PREFNAME","LEVEL","UNITS","CLASS","MAJOR","GRADE","STATUS","EMAIL"
""
"CID","TERM","SUBJ","CRSE","SEC","UNITS"
"28516","200606","DEF","108","4","1.000 - 5.000"
""
"INSTRUCTOR(S)","TYPE","DAYS","TIME","BUILD","ROOM"
"","Internship","","","",""
""
"SEAT","SID","SURNAME","PREFNAME","LEVEL","UNITS","CLASS","MAJOR","GRADE","STATUS","EMAIL"
""
"CID","TERM","SUBJ","CRSE","SEC","UNITS"
"21742","200606","DEF","110","0","1.000 - 5.000"
""
"INSTRUCTOR(S)","TYPE","DAYS","TIME","BUILD","ROOM"
"","Variable","","","",""
""
"SEAT","SID","SURNAME","PREFNAME","LEVEL","UNITS","CLASS","MAJOR","GRADE","STATUS","EMAIL"
""
"CID","TERM","SUBJ","CRSE","SEC","UNITS"
"10768","200606","DEF","110","1","1.000 - 5.000"
""
"INSTRUCTOR(S)","TYPE","DAYS","TIME","BUILD","ROOM"
"Mcdaniel, Elijah I.","Variable","","","",""
""
"SEAT","SID","SURNAME","PREFNAME","LEVEL","UNITS","CLASS","MAJOR","GRADE","STATUS","EMAIL"
""
"CID","TERM","SUBJ","CRSE","SEC","UNITS"
"97239","200606","DEF","258","1","5"
""
"INSTRUCTOR(S)","TYPE","DAYS","TIME","BUILD","ROOM"
"Hodges, Jose I.","Lecture","MWF","8:00 AM - 9:40 AM","MB2","1002"
"","Laboratory","MWF","10:00 AM - 12:15 PM","MB4","2230"
"","Laboratory","","","MB4","2230"
""
"SEAT","SID","SURNAME","PREFNAME","LEVEL","UNITS","CLASS","MAJOR","GRADE","STATUS","EMAIL"
"1","380137555","Frost","Jesus","UG","5","SR","ABC2","A+","RE","jesus.v.frost@fakeu.edu"
"2","818211395","Cooper","Aaron","UG","5","SR","DEF1","B-","RE","aaron.a.cooper@fakeu.edu"
"3","870677022","Warren","Josiah","UG","5","SR","DEF1","A-","RE","josiah.c.warren@fakeu.edu"
"4","348491777","Griffin","Jordan","UG","5","SR","ABC2","D+","RE","jordan.v.griffin@fakeu.edu"
"5","119745481","Potts","Lillian","UG","5","SR","DEF1","D","RE","lillian.m.potts@fakeu.edu"
"6","537066257","Morales","Jordan","UG","5","SR","DEF2","C","RE","jordan.k.morales@fakeu.edu"
"7","954853804","Jackson","Ariana","UG","5","SR","DEF1","B-","RE","ariana.j.jackson1@fakeu.edu"
"8","570965232","Armstrong","Melody","UG","5","SR","DEF1","B-","RE","melody.m.armstrong@fakeu.edu"
"9","409853126","Shaw","Santiago","UG","5","SR","ABC2","A-","RE","santiago.a.shaw@fakeu.edu"
"10","362695042","Murphy","Natalie","UG","5","SR","ABC2","NS","RE","natalie.i.murphy@fakeu.edu"
"11","293201770","Gomez","Justin","UG","5","JR","DEF1","C+","RE","justin.o.gomez@fakeu.edu"
"12","288866226","Wilson","William","UG","5","SR","DEF2","C-","RE","william.m.wilson@fakeu.edu"
"13","787148557","Edwards","Owen","UG","5","SR","DEF1","D+","RE","owen.s.edwards@fakeu.edu"
"14","629850561","Dodson","Alexander","UG","5","SR","ABC2","A-","RE","alexander.s.dodson@fakeu.edu"
"15","796139912","Spears","Ian","UG","5","SR","ABC2","F","RE","ian.n.spears@fakeu.edu"
"16","726574101","Harris","Maria","UG","5","SR","OTH7","C+","RE","maria.s.harris@fakeu.edu"
"17","385588676","Harrington","Brianna","UG","5","FR","DEF1","A-","RE","brianna.e.harrington@fakeu.edu"
"18","421717859","Warren","Alexander","UG","5","SR","ABC2","A-","RE","alexander.n.warren@fakeu.edu"
"19","842144019","Scott","Christian","UG","5","SR","DEF1","F","RE","christian.a.scott@fakeu.edu"
""
"CID","TERM","SUBJ","CRSE","SEC","UNITS"
"62399","200606","DEF","258","2","5"
""
"INSTRUCTOR(S)","TYPE","DAYS","TIME","BUILD","ROOM"
"Hodges, Jose I.","Lecture","MWF","8:00 AM - 9:40 AM","MB2","1002"
"","Laboratory","MWF","1:10 PM - 3:25 PM","MB4","2230"
"","Laboratory","","","MB4","2230"
""
"SEAT","SID","SURNAME","PREFNAME","LEVEL","UNITS","CLASS","MAJOR","GRADE","STATUS","EMAIL"
"1","254620872","Meyer","Ian","UG","5","SR","DEF1","C","RE","ian.g.meyer@fakeu.edu"
"2","326917153","Parks","Ashley","UG","5","JR","DEF2","B-","RE","ashley.l.parks@fakeu.edu"
"3","168440215","Andrews","Steven","UG","5","SR","DEF2","B+","RE","steven.s.andrews@fakeu.edu"
"4","621106306","Callahan","Sofia","UG","5","JR","DEF2","C+","RE","sofia.j.callahan@fakeu.edu"
"5","472786174","Ramirez","Kimberly","UG","5","JR","ABC1","B-","RE","kimberly.i.ramirez@fakeu.edu"
"6","663684305","Henry","Alexa","UG","5","SR","ABC2","D","RE","alexa.l.henry@fakeu.edu"
"7","930217466","Fisher","Olivia","UG","5","SR","ABC1","F","RE","olivia.o.fisher@fakeu.edu"
"8","927062767","Turner","Emma","UG","5","SR","DEF1","A","RE","emma.j.turner@fakeu.edu"
"9","758267975","Harrison","Gavin","UG","5","FR","ABC2","B+","RE","gavin.b.harrison@fakeu.edu"
"10","127725375","Mann","James","UG","5","JR","DEF1","B+","RE","james.k.mann@fakeu.edu"
"11","784736586","Miller","Levi","UG","5","JR","DEF1","NG","RE","levi.n.miller@fakeu.edu"
"12","509947316","Haynes","Isabella","UG","5","JR","OTH4","B-","RE","isabella.h.haynes@fakeu.edu"
"13","220115023","Mullen","Sofia","U2","5","U2","DEF1","A-","RE","sofia.l.mullen@fakeu.edu"
"14","259924352","Hernandez","Jonathan","UG","5","SR","OTH7","B","RE","jonathan.a.hernandez@fakeu.edu"
"15","400423455","Lewis","Audrey","UG","5","JR","DEF2","B-","RE","audrey.a.lewis@fakeu.edu"
"16","806799814","Taylor","Ryan","UG","5","JR","DEF1","D","RE","ryan.a.taylor@fakeu.edu"
""
"CID","TERM","SUBJ","CRSE","SEC","UNITS"
"15854","200606","DEF","285","0","1"
""
"INSTRUCTOR(S)","TYPE","DAYS","TIME","BUILD","ROOM"
"","Discussion","","","",""
""
"SEAT","SID","SURNAME","PREFNAME","LEVEL","UNITS","CLASS","MAJOR","GRADE","STATUS","EMAIL"
""
"CID","TERM","SUBJ","CRSE","SEC","UNITS"
"69473","200606","DEF","285","1","1"
""
"INSTRUCTOR(S)","TYPE","DAYS","TIME","BUILD","ROOM"
"","Discussion","","","",""
""
"SEAT","SID","SURNAME","PREFNAME","LEVEL","UNITS","CLASS","MAJOR","GRADE","STATUS","EMAIL"
""
"CID","TERM","SUBJ","CRSE","SEC","UNITS"
"62773","200606","DEF","285","3","1"
""
"INSTRUCTOR(S)","TYPE","DAYS","TIME","BUILD","ROOM"
"Cox, Jordan V.","Discussion","","","",""
""
"SEAT","SID","SURNAME","PREFNAME","LEVEL","UNITS","CLASS","MAJOR","GRADE","STATUS","EMAIL"
""
"CID","TERM","SUBJ","CRSE","SEC","UNITS"
"88124","200606","DEF","286","0","1.000 - 5.000"
""
"INSTRUCTOR(S)","TYPE","DAYS","TIME","BUILD","ROOM"
"","Internship","","","",""
""
"SEAT","SID","SURNAME","PREFNAME","LEVEL","UNITS","CLASS","MAJOR","GRADE","STATUS","EMAIL"
""
"CID","TERM","SUBJ","CRSE","SEC","UNITS"
"78279","200606","DEF","286","7","1.000 - 5.000"
""
"INSTRUCTOR(S)","TYPE","DAYS","TIME","BUILD","ROOM"
"","Internship","","","",""
""
"SEAT","SID","SURNAME","PREFNAME","LEVEL","UNITS","CLASS","MAJOR","GRADE","STATUS","EMAIL"
""
"CID","TERM","SUBJ","CRSE","SEC","UNITS"
"23969","200606","DEF","286","13","1.000 - 5.000"
""
"INSTRUCTOR(S)","TYPE","DAYS","TIME","BUILD","ROOM"
"White, Jonathan E.","Internship","","","",""
""
"SEAT","SID","SURNAME","PREFNAME","LEVEL","UNITS","CLASS","MAJOR","GRADE","STATUS","EMAIL"
""
"CID","TERM","SUBJ","CRSE","SEC","UNITS"
"22929","200606","DEF","286","23","1.000 - 5.000"
""
"INSTRUCTOR(S)","TYPE","DAYS","TIME","BUILD","ROOM"
"Davenport, Jackson L.","Internship","","","",""
""
"SEAT","SID","SURNAME","PREFNAME","LEVEL","UNITS","CLASS","MAJOR","GRADE","STATUS","EMAIL"
""
"CID","TERM","SUBJ","CRSE","SEC","UNITS"
"18795","200606","DEF","300","0","1.000 - 5.000"
""
"INSTRUCTOR(S)","TYPE","DAYS","TIME","BUILD","ROOM"
"","Variable","","","",""
""
"SEAT","SID","SURNAME","PREFNAME","LEVEL","UNITS","CLASS","MAJOR","GRADE","STATUS","EMAIL"
""
"CID","TERM","SUBJ","CRSE","SEC","UNITS"
"89084","200606","DEF","300","1","1.000 - 5.000"
""
"INSTRUCTOR(S)","TYPE","DAYS","TIME","BUILD","ROOM"
"","Variable","","","",""
""
"SEAT","SID","SURNAME","PREFNAME","LEVEL","UNITS","CLASS","MAJOR","GRADE","STATUS","EMAIL"
""
"CID","TERM","SUBJ","CRSE","SEC","UNITS"
"48803","200606","DEF","300","2","1.000 - 5.000"
""
"INSTRUCTOR(S)","TYPE","DAYS","TIME","BUILD","ROOM"
"White, Jonathan E.","Variable","","","",""
""
"SEAT","SID","SURNAME","PREFNAME","LEVEL","UNITS","CLASS","MAJOR","GRADE","STATUS","EMAIL"
""
"CID","TERM","SUBJ","CRSE","SEC","UNITS"
"47321","200606","DEF","300","5","1.000 - 5.000"
""
"INSTRUCTOR(S)","TYPE","DAYS","TIME","BUILD","ROOM"
"Wiley, Natalie A.","Variable","","","",""
""
"SEAT","SID","SURNAME","PREFNAME","LEVEL","UNITS","CLASS","MAJOR","GRADE","STATUS","EMAIL"
""
"CID","TERM","SUBJ","CRSE","SEC","UNITS"
"51533","200606","DEF","300","16","1.000 - 5.000"
""
"INSTRUCTOR(S)","TYPE","DAYS","TIME","BUILD","ROOM"
"Mcdaniel, Elijah I.","Variable","","","",""
""
"SEAT","SID","SURNAME","PREFNAME","LEVEL","UNITS","CLASS","MAJOR","GRADE","STATUS","EMAIL"
""
"CID","TERM","SUBJ","CRSE","SEC","UNITS"
"26608","200606","DEF","417","0","1"
""
"INSTRUCTOR(S)","TYPE","DAYS","TIME","BUILD","ROOM"
"","Discussion","","","",""
""
"SEAT","SID","SURNAME","PREFNAME","LEVEL","UNITS","CLASS","MAJOR","GRADE","STATUS","EMAIL"
""
"CID","TERM","SUBJ","CRSE","SEC","UNITS"
"66087","200606","DEF","417","1","1"
""
"INSTRUCTOR(S)","TYPE","DAYS","TIME","BUILD","ROOM"
"Sanders, Julian R.","Discussion","","","",""
""
"SEAT","SID","SURNAME","PREFNAME","LEVEL","UNITS","CLASS","MAJOR","GRADE","STATUS","EMAIL"
""
"CID","TERM","SUBJ","CRSE","SEC","UNITS"
"40600","200606","DEF","417","2","1"
""
"INSTRUCTOR(S)","TYPE","DAYS","TIME","BUILD","ROOM"
"Moody, Emma F.","Discussion","","","",""
""
"SEAT","SID","SURNAME","PREFNAME","LEVEL","UNITS","CLASS","MAJOR","GRADE","STATUS","EMAIL"
""
"CID","TERM","SUBJ","CRSE","SEC","UNITS"
"39185","200606","DEF","417","12","1"
""
"INSTRUCTOR(S)","TYPE","DAYS","TIME","BUILD","ROOM"
"Sanders, Ruby I.","Discussion","","","",""
""
"SEAT","SID","SURNAME","PREFNAME","LEVEL","UNITS","CLASS","MAJOR","GRADE","STATUS","EMAIL"
""
"CID","TERM","SUBJ","CRSE","SEC","UNITS"
"31132","200606","DEF","417","16","1"
""
"INSTRUCTOR(S)","TYPE","DAYS","TIME","BUILD","ROOM"
"Lopez, Joseph S.","Discussion","","","",""
""
"SEAT","SID","SURNAME","PREFNAME","LEVEL","UNITS","CLASS","MAJOR","GRADE","STATUS","EMAIL"
""
"CID","TERM","SUBJ","CRSE","SEC","UNITS"
"96635","200606","DEF","417","17","1"
""
"INSTRUCTOR(S)","TYPE","DAYS","TIME","BUILD","ROOM"
"Cox, Jordan V.","Discussion","","","",""
""
"SEAT","SID","SURNAME","PREFNAME","LEVEL","UNITS","CLASS","MAJOR","GRADE","STATUS","EMAIL"
""
"CID","TERM","SUBJ","CRSE","SEC","UNITS"
"88083","200606","DEF","417","40","1"
""
"INSTRUCTOR(S)","TYPE","DAYS","TIME","BUILD","ROOM"
"Terry, Sophie L.","Discussion","","","",""
""
"SEAT","SID","SURNAME","PREFNAME","LEVEL","UNITS","CLASS","MAJOR","GRADE","STATUS","EMAIL"
""
"CID","TERM","SUBJ","CRSE","SEC","UNITS"
"56682","200606","DEF","426","0","1.000 - 12.000"
""
"INSTRUCTOR(S)","TYPE","DAYS","TIME","BUILD","ROOM"
"","Variable","","","",""
""
"SEAT","SID","SURNAME","PREFNAME","LEVEL","UNITS","CLASS","MAJOR","GRADE","STATUS","EMAIL"
""
"CID","TERM","SUBJ","CRSE","SEC","UNITS"
"73347","200606","DEF","426","1","1.000 - 12.000"
""
"INSTRUCTOR(S)","TYPE","DAYS","TIME","BUILD","ROOM"
"Sanders, Julian R.","Variable","","","",""
""
"SEAT","SID","SURNAME","PREFNAME","LEVEL","UNITS","CLASS","MAJOR","GRADE","STATUS","EMAIL"
""
"CID","TERM","SUBJ","CRSE","SEC","UNITS"
"81591","200606","DEF","426","2","1.000 - 12.000"
""
"INSTRUCTOR(S)","TYPE","DAYS","TIME","BUILD","ROOM"
"Griffith, Dylan J.","Variable","","","",""
""
"SEAT","SID","SURNAME","PREFNAME","LEVEL","UNITS","CLASS","MAJOR","GRADE","STATUS","EMAIL"
"1","581523040","Harvey","Jackson","GR","1","D2","DEFG","S","RE","jackson.d.harvey@fakeu.edu"
""
"CID","TERM","SUBJ","CRSE","SEC","UNITS"
"12736","200606","DEF","426","12","1.000 - 12.000"
""
"INSTRUCTOR(S)","TYPE","DAYS","TIME","BUILD","ROOM"
"Sanders, Ruby I.","Variable","","","",""
""
"SEAT","SID","SURNAME","PREFNAME","LEVEL","UNITS","CLASS","MAJOR","GRADE","STATUS","EMAIL"
""
"CID","TERM","SUBJ","CRSE","SEC","UNITS"
"59175","200606","DEF","426","16","1.000 - 12.000"
""
"INSTRUCTOR(S)","TYPE","DAYS","TIME","BUILD","ROOM"
"Lopez, Joseph S.","Variable","","","",""
""
"SEAT","SID","SURNAME","PREFNAME","LEVEL","UNITS","CLASS","MAJOR","GRADE","STATUS","EMAIL"
"1","360376656","Nelson","Michael","GR","1","D2","DEFG","S","RE","michael.c.nelson@fakeu.edu"
""
"CID","TERM","SUBJ","CRSE","SEC","UNITS"
"61250","200606","DEF","426","21","1.000 - 12.000"
""
"INSTRUCTOR(S)","TYPE","DAYS","TIME","BUILD","ROOM"
"Snyder, Samantha R.","Variable","","","",""
""
"SEAT","SID","SURNAME","PREFNAME","LEVEL","UNITS","CLASS","MAJOR","GRADE","STATUS","EMAIL"
"1","509300253","Henry","Jackson","GR","1","D2","DEFG","S","RE","jackson.a.henry@fakeu.edu"
"2","264799595","Carter","William","GR","1","D2","DEFG","S","RE","william.b.carter@fakeu.edu"
""
"CID","TERM","SUBJ","CRSE","SEC","UNITS"
"51715","200606","DEF","426","40","1.000 - 12.000"
""
"INSTRUCTOR(S)","TYPE","DAYS","TIME","BUILD","ROOM"
"Terry, Sophie L.","Variable","","","",""
""
"SEAT","SID","SURNAME","PREFNAME","LEVEL","UNITS","CLASS","MAJOR","GRADE","STATUS","EMAIL"
""
"CID","TERM","SUBJ","CRSE","SEC","UNITS"
"88867","200606","DEF","201","21","5"
""
"INSTRUCTOR(S)","TYPE","DAYS","TIME","BUILD","ROOM"
"Morris, Sebastian B.","Lecture","MWF","8:00 AM - 9:40 AM","MB2","1002"
"","Discussion","M","10:00 AM - 11:40 AM","MB2","1002"
"","Laboratory","TR","11:00 AM - 1:30 PM","MB4","2290"
""
"SEAT","SID","SURNAME","PREFNAME","LEVEL","UNITS","CLASS","MAJOR","GRADE","STATUS","EMAIL"
"1","601921197","Johnson","Aiden","UG","5","SR","ABC2","F","RE","aiden.p.johnson@fakeu.edu"
"2","708652696","Brock","Avery","UG","5","SR","DEF2","B-","RE","avery.e.brock@fakeu.edu"
"3","459725706","King","Alyssa","UG","5","SR","DEF1","A","RE","alyssa.j.king@fakeu.edu"
"4","348491777","Griffin","Jordan","UG","5","SR","ABC2","C-","RE","jordan.v.griffin@fakeu.edu"
"5","813374173","Watson","Brayden","UG","5","SR","ABC2","B+","RE","brayden.u.watson@fakeu.edu"
"6","538170924","Todd","Ethan","UG","5","SR","DEF1","A-","RE","ethan.s.todd@fakeu.edu"
"7","853333018","Ortiz","Thomas","UG","5","SR","ABC2","B","RE","thomas.j.ortiz@fakeu.edu"
"8","726574101","Harris","Maria","UG","5","SR","OTH7","C-","RE","maria.s.harris@fakeu.edu"
"9","224191047","Ramirez","Aiden","UG","5","JR","DEF1","C+","RE","aiden.e.ramirez@fakeu.edu"
"10","944504314","Stevenson","Jason","UG","5","JR","DEF1","B+","RE","jason.l.stevenson@fakeu.edu"
"11","952456626","Austin","Bella","UG","5","SR","ABC2","C+","RE","bella.e.austin@fakeu.edu"
"12","408193673","Lee","Chloe","UG","5","SR","O254","F","RE","chloe.e.lee@fakeu.edu"
"13","977241662","Smith","Natalie","UG","5","JR","DEF1","C+","RE","natalie.o.smith@fakeu.edu"
"14","858484065","White","Victoria","UG","5","SR","DEF1","B-","RE","victoria.j.white@fakeu.edu"
"15","899851464","Hinton","David","UG","5","FR","DEF1","B","RE","david.s.hinton@fakeu.edu"
"16","479145093","Wilkins","Angel","UG","5","SR","O224","C+","RE","angel.c.wilkins@fakeu.edu"
"17","326917153","Parks","Ashley","UG","5","JR","DEF2","B+","RE","ashley.l.parks@fakeu.edu"
"18","883163309","Walker","Nathan","UG","5","JR","DEF1","F","RE","nathan.v.walker@fakeu.edu"
""
"CID","TERM","SUBJ","CRSE","SEC","UNITS"
"19942","200606","DEF","201","22","5"
""
"INSTRUCTOR(S)","TYPE","DAYS","TIME","BUILD","ROOM"
"Morris, Sebastian B.","Lecture","MWF","8:00 AM - 9:40 AM","MB2","1002"
"","Discussion","M","10:00 AM - 11:40 AM","MB2","1002"
"","Laboratory","TR","2:10 PM - 4:40 PM","MB4","2290"
""
"SEAT","SID","SURNAME","PREFNAME","LEVEL","UNITS","CLASS","MAJOR","GRADE","STATUS","EMAIL"
"1","360793205","Buckley","Leah","UG","5","SR","DEF2","A+","RE","leah.a.buckley@fakeu.edu"
"2","365084169","Roman","Andrew","UG","5","JR","ABC2","A-","RE","andrew.a.roman1@fakeu.edu"
"3","629850561","Dodson","Alexander","UG","5","SR","ABC2","B+","RE","alexander.s.dodson@fakeu.edu"
"4","796139912","Spears","Ian","UG","5","SR","ABC2","F","RE","ian.n.spears@fakeu.edu"
"5","578633994","Rowe","Ryan","UG","5","SR","ABC2","D","RE","ryan.l.rowe@fakeu.edu"
"6","680037530","Nelson","Katherine","UG","5","SR","ABC2","A","RE","katherine.j.nelson@fakeu.edu"
"7","663684305","Henry","Alexa","UG","0","SR","ABC2","F","RE","alexa.l.henry@fakeu.edu"
"8","947165224","Miller","Zoey","UG","5","FR","O215","D","RE","zoey.x.miller@fakeu.edu"
"9","409853126","Shaw","Santiago","UG","5","SR","ABC2","C+","RE","santiago.a.shaw@fakeu.edu"
"10","812464203","Atkins","Gavin","UG","5","SO","DEF1","C-","RE","gavin.n.atkins@fakeu.edu"
"11","763690468","Caldwell","Daniel","U0","5","FR","OTH2","B","RE","daniel.a.caldwell@fakeu.edu"
"12","191445922","Nelson","Maya","UG","5","JR","DEF1","B","RE","maya.d.nelson@fakeu.edu"
""
"CID","TERM","SUBJ","CRSE","SEC","UNITS"
"20445","200606","DEF","229","21","4"
""
"INSTRUCTOR(S)","TYPE","DAYS","TIME","BUILD","ROOM"
"Morris, Sebastian B.","Lecture","MWF","12:10 PM - 1:50 PM","TB3","146"
"","Discussion","W","4:10 PM - 5:50 PM","TB3","146"
""
"SEAT","SID","SURNAME","PREFNAME","LEVEL","UNITS","CLASS","MAJOR","GRADE","STATUS","EMAIL"
"1","366687387","Conway","Mia","UG","4","JR","DEF2","D","RE","mia.a.conway@fakeu.edu"
"2","191090175","Gonzalez","Noah","UG","4","SR","DEF1","A+","RE","noah.n.gonzalez@fakeu.edu"
"3","947165224","Miller","Zoey","UG","4","FR","O215","B","RE","zoey.x.miller@fakeu.edu"
"4","804050713","Roach","Ivan","UG","4","SR","DEF2","C+","RE","ivan.a.roach@fakeu.edu"
"5","509947316","Haynes","Isabella","UG","4","JR","OTH4","A","RE","isabella.h.haynes@fakeu.edu"
"6","784736586","Miller","Levi","UG","4","JR","DEF1","C+","RE","levi.n.miller@fakeu.edu"
""
"CID","TERM","SUBJ","CRSE","SEC","UNITS"
"79860","200606","DEF","250","21","4"
""
"INSTRUCTOR(S)","TYPE","DAYS","TIME","BUILD","ROOM"
"Davenport, Jackson L.","Lecture","MTW","2:10 PM - 3:50 PM","LH1","30"
"","Discussion","MTW","3:51 PM - 4:25 PM","LH1","30"
""
"SEAT","SID","SURNAME","PREFNAME","LEVEL","UNITS","CLASS","MAJOR","GRADE","STATUS","EMAIL"
"1","948714278","Vega","Jayden","UG","4","SR","DEF2","C+","RE","jayden.j.vega1@fakeu.edu"
"2","917518451","Hudson","Samuel","UG","4","SR","DEF1","C+","RE","samuel.k.hudson@fakeu.edu"
"3","708652696","Brock","Avery","UG","4","SR","DEF2","B+","RE","avery.e.brock@fakeu.edu"
"4","230755460","Hughes","Alexis","UG","4","SR","DEF2","D","RE","alexis.t.hughes@fakeu.edu"
"5","451208853","Burris","Adam","UG","4","SR","DEF2","A-","RE","adam.g.burris@fakeu.edu"
"6","828523170","Logan","Owen","UG","4","SR","DEF1","B","RE","owen.m.logan@fakeu.edu"
"7","571462797","Potter","Gabriella","UG","4","SR","DEF2","A","RE","gabriella.v.potter@fakeu.edu"
"8","288866226","Wilson","William","UG","4","SR","DEF2","C+","RE","william.m.wilson@fakeu.edu"
"9","922495955","Murphy","Michelle","UG","4","SR","DEF2","C+","RE","michelle.c.murphy@fakeu.edu"
"10","890006043","Huber","Michael","UG","4","SR","DEF1","A","RE","michael.a.huber@fakeu.edu"
"11","874999679","Sexton","Claire","UG","4","SR","DEF2","A-","RE","claire.o.sexton@fakeu.edu"
"12","647577355","Vargas","Chloe","UG","4","SR","DEF1","C-","RE","chloe.a.vargas@fakeu.edu"
"13","713054986","Morrison","Abigail","UG","4","SR","DEF1","B-","RE","abigail.e.morrison@fakeu.edu"
"14","242917591","Riley","Jacob","UG","4","SR","DEF1","B","RE","jacob.m.riley@fakeu.edu"
"15","806799814","Taylor","Ryan","UG","4","JR","DEF1","A-","RE","ryan.a.taylor@fakeu.edu"
""
"CID","TERM","SUBJ","CRSE","SEC","UNITS"
"38632","200606","DEF","285","0","1"
""
"INSTRUCTOR(S)","TYPE","DAYS","TIME","BUILD","ROOM"
"","Discussion","","","",""
""
"SEAT","SID","SURNAME","PREFNAME","LEVEL","UNITS","CLASS","MAJOR","GRADE","STATUS","EMAIL"
""
"CID","TERM","SUBJ","CRSE","SEC","UNITS"
"81488","200606","DEF","285","1","1"
""
"INSTRUCTOR(S)","TYPE","DAYS","TIME","BUILD","ROOM"
"Griffith, Dylan J.","Discussion","","","",""
""
"SEAT","SID","SURNAME","PREFNAME","LEVEL","UNITS","CLASS","MAJOR","GRADE","STATUS","EMAIL"
""
"CID","TERM","SUBJ","CRSE","SEC","UNITS"
"50800","200606","DEF","285","2","1"
""
"INSTRUCTOR(S)","TYPE","DAYS","TIME","BUILD","ROOM"
"","Discussion","","","",""
""
"SEAT","SID","SURNAME","PREFNAME","LEVEL","UNITS","CLASS","MAJOR","GRADE","STATUS","EMAIL"
""
"CID","TERM","SUBJ","CRSE","SEC","UNITS"
"20521","200606","DEF","286","0","1.000 - 5.000"
""
"INSTRUCTOR(S)","TYPE","DAYS","TIME","BUILD","ROOM"
"","Internship","","","",""
""
"SEAT","SID","SURNAME","PREFNAME","LEVEL","UNITS","CLASS","MAJOR","GRADE","STATUS","EMAIL"
""
"CID","TERM","SUBJ","CRSE","SEC","UNITS"
"25258","200606","DEF","286","11","1.000 - 5.000"
""
"INSTRUCTOR(S)","TYPE","DAYS","TIME","BUILD","ROOM"
"White, Jonathan E.","Internship","","","",""
""
"SEAT","SID","SURNAME","PREFNAME","LEVEL","UNITS","CLASS","MAJOR","GRADE","STATUS","EMAIL"
""
"CID","TERM","SUBJ","CRSE","SEC","UNITS"
"46300","200606","DEF","286","13","1.000 - 5.000"
""
"INSTRUCTOR(S)","TYPE","DAYS","TIME","BUILD","ROOM"
"White, Jonathan E.","Internship","","","",""
""
"SEAT","SID","SURNAME","PREFNAME","LEVEL","UNITS","CLASS","MAJOR","GRADE","STATUS","EMAIL"
""
"CID","TERM","SUBJ","CRSE","SEC","UNITS"
"36952","200606","DEF","300","0","1.000 - 5.000"
""
"INSTRUCTOR(S)","TYPE","DAYS","TIME","BUILD","ROOM"
"","Variable","","","",""
""
"SEAT","SID","SURNAME","PREFNAME","LEVEL","UNITS","CLASS","MAJOR","GRADE","STATUS","EMAIL"
""
"CID","TERM","SUBJ","CRSE","SEC","UNITS"
"96078","200606","DEF","300","1","1.000 - 5.000"
""
"INSTRUCTOR(S)","TYPE","DAYS","TIME","BUILD","ROOM"
"Griffith, Dylan J.","Variable","","","",""
""
"SEAT","SID","SURNAME","PREFNAME","LEVEL","UNITS","CLASS","MAJOR","GRADE","STATUS","EMAIL"
""
"CID","TERM","SUBJ","CRSE","SEC","UNITS"
"14695","200606","DEF","300","2","1.000 - 5.000"
""
"INSTRUCTOR(S)","TYPE","DAYS","TIME","BUILD","ROOM"
"","Variable","","","",""
""
"SEAT","SID","SURNAME","PREFNAME","LEVEL","UNITS","CLASS","MAJOR","GRADE","STATUS","EMAIL"
""
"CID","TERM","SUBJ","CRSE","SEC","UNITS"
"53125","200606","DEF","417","0","1"
""
"INSTRUCTOR(S)","TYPE","DAYS","TIME","BUILD","ROOM"
"","Discussion","","","",""
""
"SEAT","SID","SURNAME","PREFNAME","LEVEL","UNITS","CLASS","MAJOR","GRADE","STATUS","EMAIL"
""
"CID","TERM","SUBJ","CRSE","SEC","UNITS"
"53619","200606","DEF","417","1","1"
""
"INSTRUCTOR(S)","TYPE","DAYS","TIME","BUILD","ROOM"
"Sanders, Julian R.","Discussion","","","",""
""
"SEAT","SID","SURNAME","PREFNAME","LEVEL","UNITS","CLASS","MAJOR","GRADE","STATUS","EMAIL"
""
"CID","TERM","SUBJ","CRSE","SEC","UNITS"
"30158","200606","DEF","417","2","1"
""
"INSTRUCTOR(S)","TYPE","DAYS","TIME","BUILD","ROOM"
"Stafford, Aaliyah A.","Discussion","","","",""
""
"SEAT","SID","SURNAME","PREFNAME","LEVEL","UNITS","CLASS","MAJOR","GRADE","STATUS","EMAIL"
"1","931572665","Leblanc","Jonathan","GR","1","D2","DEFG","S","RE","jonathan.e.leblanc@fakeu.edu"
""
"CID","TERM","SUBJ","CRSE","SEC","UNITS"
"21365","200606","DEF","417","12","1"
""
"INSTRUCTOR(S)","TYPE","DAYS","TIME","BUILD","ROOM"
"Sanders, Ruby I.","Discussion","","","",""
""
"SEAT","SID","SURNAME","PREFNAME","LEVEL","UNITS","CLASS","MAJOR","GRADE","STATUS","EMAIL"
""
"CID","TERM","SUBJ","CRSE","SEC","UNITS"
"50540","200606","DEF","417","24","1"
""
"INSTRUCTOR(S)","TYPE","DAYS","TIME","BUILD","ROOM"
"Noel, Alexa K.","Discussion","","","",""
""
"SEAT","SID","SURNAME","PREFNAME","LEVEL","UNITS","CLASS","MAJOR","GRADE","STATUS","EMAIL"
"1","137598966","Howard","Ava","GR","1","D2","DEFG","S","RE","ava.k.howard@fakeu.edu"
""
"CID","TERM","SUBJ","CRSE","SEC","UNITS"
"78268","200606","DEF","417","40","1"
""
"INSTRUCTOR(S)","TYPE","DAYS","TIME","BUILD","ROOM"
"Terry, Sophie L.","Discussion","","","",""
""
"SEAT","SID","SURNAME","PREFNAME","LEVEL","UNITS","CLASS","MAJOR","GRADE","STATUS","EMAIL"
""
"CID","TERM","SUBJ","CRSE","SEC","UNITS"
"64325","200606","DEF","426","0","1.000 - 12.000"
""
"INSTRUCTOR(S)","TYPE","DAYS","TIME","BUILD","ROOM"
"","Variable","","","",""
""
"SEAT","SID","SURNAME","PREFNAME","LEVEL","UNITS","CLASS","MAJOR","GRADE","STATUS","EMAIL"
""
"CID","TERM","SUBJ","CRSE","SEC","UNITS"
"65071","200606","DEF","426","1","1.000 - 12.000"
""
"INSTRUCTOR(S)","TYPE","DAYS","TIME","BUILD","ROOM"
"Sanders, Julian R.","Variable","","","",""
""
"SEAT","SID","SURNAME","PREFNAME","LEVEL","UNITS","CLASS","MAJOR","GRADE","STATUS","EMAIL"
""
"CID","TERM","SUBJ","CRSE","SEC","UNITS"
"84983","200606","DEF","426","2","1.000 - 12.000"
""
"INSTRUCTOR(S)","TYPE","DAYS","TIME","BUILD","ROOM"
"Stafford, Aaliyah A.","Variable","","","",""
""
"SEAT","SID","SURNAME","PREFNAME","LEVEL","UNITS","CLASS","MAJOR","GRADE","STATUS","EMAIL"
""
"CID","TERM","SUBJ","CRSE","SEC","UNITS"
"39530","200606","DEF","426","12","1.000 - 12.000"
""
"INSTRUCTOR(S)","TYPE","DAYS","TIME","BUILD","ROOM"
"Sanders, Ruby I.","Variable","","","",""
""
"SEAT","SID","SURNAME","PREFNAME","LEVEL","UNITS","CLASS","MAJOR","GRADE","STATUS","EMAIL"
"1","269262835","Smith","Melissa","GR","1","D2","DEFG","S","RE","melissa.v.smith@fakeu.edu"
""
"CID","TERM","SUBJ","CRSE","SEC","UNITS"
"67904","200606","DEF","426","22","1.000 - 12.000"
""
"INSTRUCTOR(S)","TYPE","DAYS","TIME","BUILD","ROOM"
"Suarez, Julian J.","Variable","","","",""
""
"SEAT","SID","SURNAME","PREFNAME","LEVEL","UNITS","CLASS","MAJOR","GRADE","STATUS","EMAIL"
"1","307946467","Grant","Joshua","GR","1","D2","O118","S","RE","joshua.z.grant@fakeu.edu"
""
"CID","TERM","SUBJ","CRSE","SEC","UNITS"
"30903","200606","DEF","426","24","1.000 - 12.000"
""
"INSTRUCTOR(S)","TYPE","DAYS","TIME","BUILD","ROOM"
"Noel, Alexa K.","Variable","","","",""
""
"SEAT","SID","SURNAME","PREFNAME","LEVEL","UNITS","CLASS","MAJOR","GRADE","STATUS","EMAIL"
""
"CID","TERM","SUBJ","CRSE","SEC","UNITS"
"62825","200606","DEF","426","40","1.000 - 12.000"
""
"INSTRUCTOR(S)","TYPE","DAYS","TIME","BUILD","ROOM"
"Terry, Sophie L.","Variable","","","",""
""
"SEAT","SID","SURNAME","PREFNAME","LEVEL","UNITS","CLASS","MAJOR","GRADE","STATUS","EMAIL"
"1","345568472","Jones","Jackson","GR","1","D2","DEFG","S","RE","jackson.n.jones@fakeu.edu"
""
"CID","TERM","SUBJ","CRSE","SEC","UNITS"
"83720","200606","DEF","427","74","1"
""
"INSTRUCTOR(S)","TYPE","DAYS","TIME","BUILD","ROOM"
"","Discussion","","","",""
""
"SEAT","SID","SURNAME","PREFNAME","LEVEL","UNITS","CLASS","MAJOR","GRADE","STATUS","EMAIL"
