""
"CID","TERM","SUBJ","CRSE","SEC","UNITS"
"13938","200806","ABC","104","1","4"
""
"INSTRUCTOR(S)","TYPE","DAYS","TIME","BUILD","ROOM"
"Moore, Isabella M.","Lecture","TWR","9:00 AM - 10:40 AM","LH5","45"
"","Discussion","R","11:00 AM - 12:40 PM","LH5","45"
""
"SEAT","SID","SURNAME","PREFNAME","LEVEL","UNITS","CLASS","MAJOR","GRADE","STATUS","EMAIL"
"1","958376506","Carter","Levi","UG","4","SR","O106","C","RE","levi.f.carter@fakeu.edu"
"2","995937320","Larsen","Alejandro","UG","4","SR","DEF1","B-","RE","alejandro.a.larsen@fakeu.edu"
"3","901087791","Davis","Sarah","UG","4","SR","OTH8","C","RE","sarah.c.davis@fakeu.edu"
"4","568725953","Hansen","Natalie","UG","4","JR","DEF2","A","RE","natalie.z.hansen@fakeu.edu"
"5","250875122","Lynch","Aaron","UG","4","JR","ABC1","D","RE","aaron.j.lynch@fakeu.edu"
"6","133209495","Sanders","David","UG","4","JR","OTH8","B","RE","david.j.sanders1@fakeu.edu"
"7","877681888","Allen","Jayden","UG","4","JR","ABC1","A-","RE","jayden.s.allen@fakeu.edu"
"8","921255861","Cooper","Sophia","UG","4","JR","ABC1","B+","RE","sophia.j.cooper@fakeu.edu"
"9","375418421","Frank","Abigail","UG","4","SO","DEF2","C+","RE","abigail.m.frank@fakeu.edu"
"10","972502304","Knowles","Julia","UG","4","SO","OT42","A","RE","julia.d.knowles@fakeu.edu"
"11","518006450","Daniels","Leah","UG","4","FR","ABC1","C","RE","leah.j.daniels@fakeu.edu"
"12","542551677","Hernandez","Isabella","UG","4","FR","O144","A","RE","isabella.j.hernandez@fakeu.edu"
"13","610238278","Fernandez","Kimberly","UG","4","JR","DEF2","A-","RE","kimberly.g.fernandez@fakeu.edu"
"14","253309764","Ryan","Alexander","UG","4","JR","DEF2","A-","RE","alexander.j.ryan@fakeu.edu"
"15","262170829","Daniel","Jonathan","UG","4","SR","OT42","B","RE","jonathan.a.daniel@fakeu.edu"
"16","496504638","West","James","UG","4","SR","O243","B-","RE","james.a.west@fakeu.edu"
"17","871756741","Burton","Ivan","UG","4","JR","OT21","B","RE","ivan.j.burton@fakeu.edu"
"18","872190434","Dalton","Jordan","UG","4","FR","O215","A-","RE","jordan.j.dalton@fakeu.edu"
"19","800333802","Vazquez","Christopher","UG","4","SO","DEF2","D+","RE","christopher.s.vazquez@fakeu.edu"
"20","464233746","Schmidt","Ivan","UG","4","FR","ABC2","B+","RE","ivan.a.schmidt@fakeu.edu"
"21","904655514","Williams","Valeria","UG","4","SR","O160","C+","RE","valeria.n.williams@fakeu.edu"
"22","863299203","Howell","Robert","UG","4","SR","O160","C","RE","robert.l.howell@fakeu.edu"
"23","694362012","Brock","Jesse","UG","4","SR","OT87","D","RE","jesse.a.brock@fakeu.edu"
"24","373388241","Wells","Daniel","UG","4","SO","ABC2","B","RE","daniel.j.wells@fakeu.edu"
"25","866635318","Miller","Henry","UG","4","SO","OT64","C+","RE","henry.j.miller@fakeu.edu"
"26","264924762","Jordan","Jennifer","UG","4","JR","O181","C","RE","jennifer.a.jordan@fakeu.edu"
""
"CID","TERM","SUBJ","CRSE","SEC","UNITS"
"53997","200806","ABC","105","1","4"
""
"INSTRUCTOR(S)","TYPE","DAYS","TIME","BUILD","ROOM"
"Diaz, Michelle H.","Lecture","MTW","9:00 AM - 10:40 AM","LH5","8"
"","Discussion","R","9:00 AM - 10:40 AM","LH5","8"
""
"SEAT","SID","SURNAME","PREFNAME","LEVEL","UNITS","CLASS","MAJOR","GRADE","STATUS","EMAIL"
"1","383932092","Henderson","Vanessa","UG","4","SR","OTH8","A","RE","vanessa.l.henderson@fakeu.edu"
"2","875743595","Hayes","Lillian","UG","4","SR","OT77","B+","RE","lillian.z.hayes@fakeu.edu"
"3","908211360","Fulton","Tyler","UG","4","SR","O238","A","RE","tyler.i.fulton@fakeu.edu"
"4","985767325","Simmons","Alexander","UG","4","SR","OT35","D","RE","alexander.w.simmons@fakeu.edu"
"5","764428575","Charles","Elizabeth","UG","4","SR","ABC1","A","RE","elizabeth.n.charles@fakeu.edu"
"6","791286360","Rivas","Victoria","UG","4","SR","O223","B","RE","victoria.i.rivas@fakeu.edu"
"7","243297420","Lee","Avery","UG","4","SR","ABC1","D","RE","avery.m.lee@fakeu.edu"
"8","877655997","Brewer","Chloe","UG","4","JR","OTH8","B","RE","chloe.b.brewer@fakeu.edu"
"9","236192669","Miller","Adrian","UG","4","JR","OTH8","A","RE","adrian.a.miller2@fakeu.edu"
"10","384799095","Jones","Jackson","UG","4","JR","OT35","D","RE","jackson.j.jones@fakeu.edu"
"11","507818118","Kirkland","Nathan","UG","4","SR","OT21","A","RE","nathan.a.kirkland1@fakeu.edu"
"12","914185027","Miller","Jayden","UG","4","SR","O135","D+","RE","jayden.n.miller@fakeu.edu"
"13","366282018","Gardner","Chloe","UG","4","JR","O229","B+","RE","chloe.a.gardner@fakeu.edu"
"14","936913350","Olson","Daisy","UG","4","JR","OT42","A+","RE","daisy.l.olson@fakeu.edu"
"15","781892418","Hurley","Angel","UG","4","SO","DEF1","C-","RE","angel.j.hurley@fakeu.edu"
"16","112753895","Neal","Faith","UG","4","SO","O257","A-","RE","faith.a.neal@fakeu.edu"
"17","504066365","Adkins","Isabella","UG","4","SO","OT42","B+","RE","isabella.n.adkins1@fakeu.edu"
"18","207906056","Morales","Andrew","UG","4","SO","O223","B","RE","andrew.l.morales@fakeu.edu"
"19","443934250","Henry","Isaac","UG","4","JR","ABC2","A","RE","isaac.e.henry@fakeu.edu"
"20","732503589","Kelly","Caleb","UG","4","FR","DEF2","C","RE","caleb.j.kelly@fakeu.edu"
"21","484452910","Riggs","Gabriel","UG","4","SO","O238","C","RE","gabriel.o.riggs@fakeu.edu"
"22","338171155","Gill","Noah","UG","4","FR","OT35","A-","RE","noah.j.gill@fakeu.edu"
"23","141608834","Alexander","Landon","UG","4","SO","ABC1","D","RE","landon.e.alexander@fakeu.edu"
"24","706806734","Chapman","Daniel","UG","4","SR","OT42","D","RE","daniel.a.chapman1@fakeu.edu"
"25","722840248","Diaz","Brandon","UG","4","FR","OT42","A","RE","brandon.k.diaz@fakeu.edu"
"26","673652634","Woodward","Naomi","UG","4","FR","DEF1","B-","RE","naomi.a.woodward@fakeu.edu"
"27","705243271","Walker","Arianna","UG","4","SR","OT21","A","RE","arianna.j.walker@fakeu.edu"
"28","517640489","Allen","Jason","UG","4","JR","O224","A","RE","jason.j.allen@fakeu.edu"
"29","319056877","Martin","Isaac","UG","4","SR","OT25","B","RE","isaac.e.martin@fakeu.edu"
"30","793967297","Thompson","Jack","UG","4","SR","OT42","C","RE","jack.l.thompson@fakeu.edu"
"31","756284653","Scott","Sophie","UG","4","SR","O225","A","RE","sophie.k.scott@fakeu.edu"
"32","431374364","Lopez","Steven","UG","4","SO","OT16","C+","RE","steven.a.lopez@fakeu.edu"
"33","977410060","Ball","Jonathan","UG","4","SR","O244","A-","RE","jonathan.o.ball@fakeu.edu"
"34","454280109","Harper","Matthew","UG","4","SR","OT62","B-","RE","matthew.l.harper@fakeu.edu"
"35","529739688","Peterson","Luke","UG","4","SO","OTH4","C+","RE","luke.e.peterson@fakeu.edu"
"36","546522444","Taylor","Lily","ND","4","ND","OTH2","A","RE","lily.m.taylor@fakeu.edu"
"37","967017207","Olson","Jordan","UG","4","JR","ABC1","D","RE","jordan.a.olson@fakeu.edu"
"38","640529635","Mcfadden","Isabella","UG","4","FR","O239","B+","RE","isabella.j.mcfadden@fakeu.edu"
""
"CID","TERM","SUBJ","CRSE","SEC","UNITS"
"32829","200806","ABC","106","1","4"
""
"INSTRUCTOR(S)","TYPE","DAYS","TIME","BUILD","ROOM"
"Diaz, Michelle H.","Lecture","MTW","11:00 AM - 12:40 PM","LH5","8"
"","Discussion","R","11:00 AM - 12:40 PM","LH5","8"
""
"SEAT","SID","SURNAME","PREFNAME","LEVEL","UNITS","CLASS","MAJOR","GRADE","STATUS","EMAIL"
"1","917382526","Welch","Benjamin","UG","4","SR","O160","C-","RE","benjamin.v.welch@fakeu.edu"
"2","396131558","Gamble","Kylie","UG","4","SR","ABC1","A","RE","kylie.n.gamble@fakeu.edu"
"3","896517601","Burgess","Daniel","UG","4","SR","OT64","F","RE","daniel.n.burgess@fakeu.edu"
"4","909289596","Griffin","Ashley","UG","4","SR","O243","B+","RE","ashley.v.griffin@fakeu.edu"
"5","126726265","Turner","Victoria","UG","0","SR","DEF2","WN","RA","victoria.l.turner@fakeu.edu"
"6","791286360","Rivas","Victoria","UG","4","SR","O223","C+","RE","victoria.i.rivas@fakeu.edu"
"7","388492646","Miller","Jackson","UG","4","JR","ABC2","B-","RE","jackson.n.miller@fakeu.edu"
"8","996282303","Davidson","Aiden","UG","4","JR","OTH7","C","RE","aiden.j.davidson@fakeu.edu"
"9","172106811","Scott","Mia","UG","4","JR","O243","A-","RE","mia.e.scott@fakeu.edu"
"10","796573223","Wilson","Isabella","UG","4","SO","ABC1","B","RE","isabella.v.wilson@fakeu.edu"
"11","173001651","Diaz","Jade","UG","4","JR","O223","F","RE","jade.n.diaz@fakeu.edu"
"12","854169690","Burke","Genesis","UG","4","JR","ABC1","D","RE","genesis.a.burke@fakeu.edu"
"13","457612275","Hughes","Julian","UG","4","SO","OT42","B+","RE","julian.j.hughes@fakeu.edu"
"14","424130259","Murphy","Angel","UG","4","SO","OT62","NS","RE","angel.b.murphy@fakeu.edu"
"15","663320333","Santos","Angel","UG","4","SO","OT68","A","RE","angel.l.santos@fakeu.edu"
"16","929379066","Lee","Liam","UG","4","JR","O239","F","RE","liam.p.lee@fakeu.edu"
"17","302854887","Smith","Gavin","UG","4","SO","ABC1","NS","RE","gavin.l.smith@fakeu.edu"
"18","213109639","Stanley","Daniel","UG","4","SO","ABC2","B+","RE","daniel.l.stanley@fakeu.edu"
"19","358091851","Rodriguez","Daniel","ND","4","ND","O253","A+","RE","daniel.z.rodriguez@fakeu.edu"
"20","611347746","Webster","Dominic","UG","4","FR","ABC2","A","RE","dominic.d.webster@fakeu.edu"
"21","924928306","Cox","Jayden","UG","4","JR","O239","F","RE","jayden.v.cox@fakeu.edu"
"22","410614761","Hill","Sophia","UG","4","SR","ABC1","C","RE","sophia.a.hill@fakeu.edu"
"23","108642878","Wilson","Melissa","UG","0","JR","ABC2","WD2","RA","melissa.d.wilson@fakeu.edu"
"24","397973964","Berry","Noah","UG","4","JR","OT26","NS","RE","noah.f.berry@fakeu.edu"
"25","451008998","Brown","Amy","UG","4","JR","DEF1","C","RE","amy.a.brown@fakeu.edu"
"26","553861310","Hess","Miguel","UG","0","JR","DEF2","A","RE","miguel.i.hess@fakeu.edu"
"27","133144413","Palmer","Matthew","UG","4","SR","ABC1","F","RE","matthew.i.palmer@fakeu.edu"
"28","819049287","Park","Dylan","UG","4","FR","O209","C-","RE","dylan.m.park@fakeu.edu"
"29","644718300","Johnson","Hannah","UG","4","JR","OT42","D","RE","hannah.g.johnson@fakeu.edu"
"30","750858151","Maldonado","Joshua","UG","4","SR","OT42","F","RE","joshua.e.maldonado@fakeu.edu"
"31","512885849","Smith","Chloe","UG","4","JR","DEF2","C-","RE","chloe.n.smith@fakeu.edu"
"32","344817215","Young","Emily","UG","4","SO","OTH8","A-","RE","emily.g.young@fakeu.edu"
""
"CID","TERM","SUBJ","CRSE","SEC","UNITS"
"55174","200806","ABC","108","1","4"
""
"INSTRUCTOR(S)","TYPE","DAYS","TIME","BUILD","ROOM"
"White, Jose E.","Discussion","T","8:30 AM - 9:59 AM","LH1","98"
"","Lecture","TWR","10:00 AM - 11:40 AM","LH1","98"
""
"SEAT","SID","SURNAME","PREFNAME","LEVEL","UNITS","CLASS","MAJOR","GRADE","STATUS","EMAIL"
"1","481075440","Morgan","Zoe","U2","4","U2","DEF1","A+","RE","zoe.a.morgan1@fakeu.edu"
"2","191311494","Barnes","Hannah","UG","4","SR","ABC2","A","RE","hannah.g.barnes@fakeu.edu"
"3","183845602","Reynolds","Landon","UG","4","SR","OTH8","A","RE","landon.j.reynolds@fakeu.edu"
"4","927777701","Garza","Liam","UG","4","SR","ABC1","F","RE","liam.e.garza@fakeu.edu"
"5","453024561","Jenkins","Olivia","UG","4","JR","ABC1","C","RE","olivia.e.jenkins@fakeu.edu"
"6","531836596","Buck","Eduardo","UG","4","JR","ABC1","B","RE","eduardo.l.buck@fakeu.edu"
"7","911887481","Ferguson","Emily","UG","4","JR","ABC1","F","RE","emily.n.ferguson@fakeu.edu"
"8","321173871","Hines","Isabella","UG","4","JR","ABC1","A-","RE","isabella.a.hines@fakeu.edu"
"9","382028048","Young","Andrea","UG","4","JR","ABC1","C","RE","andrea.n.young@fakeu.edu"
"10","641550940","Buck","Hannah","UG","4","JR","O108","C-","RE","hannah.l.buck@fakeu.edu"
"11","806999103","Church","Natalie","UG","4","JR","ABC1","B+","RE","natalie.u.church@fakeu.edu"
"12","213463216","Rivera","Adam","UG","4","JR","ABC1","A+","RE","adam.r.rivera@fakeu.edu"
"13","552647235","Williams","Henry","UG","4","SO","ABC2","A-","RE","henry.b.williams@fakeu.edu"
"14","497837343","Mayer","Naomi","UG","4","SR","ABC2","C","RE","naomi.d.mayer@fakeu.edu"
"15","830414419","Harrington","Abigail","UG","4","SR","ABC1","F","RE","abigail.s.harrington@fakeu.edu"
"16","153170213","Mcdowell","Joshua","UG","4","SR","ABC1","D","RE","joshua.a.mcdowell@fakeu.edu"
"17","174613770","Gardner","Christopher","UG","4","JR","ABC2","B","RE","christopher.t.gardner@fakeu.edu"
"18","512293446","Armstrong","Anthony","UG","4","SR","DEF1","C-","RE","anthony.g.armstrong@fakeu.edu"
"19","173570162","Madden","Landon","UG","4","SR","DEF1","A","RE","landon.v.madden@fakeu.edu"
"20","980727266","Rodriguez","Grace","UG","4","SR","ABC1","D","RE","grace.d.rodriguez@fakeu.edu"
"21","695089368","James","Khloe","ND","4","ND","OTH2","B","RE","khloe.o.james@fakeu.edu"
"22","895804030","Smith","Daniel","UG","4","SR","OT42","C","RE","daniel.l.smith@fakeu.edu"
"23","182408835","Moore","Jack","UG","4","SR","OT39","A","RE","jack.k.moore@fakeu.edu"
"24","530420058","Hall","Logan","UG","4","SO","O239","F","RE","logan.j.hall@fakeu.edu"
"25","154886496","Boyd","Camila","UG","4","JR","ABC1","F","RE","camila.r.boyd@fakeu.edu"
"26","667992596","Townsend","Genesis","UG","4","SR","DEF1","B+","RE","genesis.b.townsend@fakeu.edu"
""
"CID","TERM","SUBJ","CRSE","SEC","UNITS"
"16406","200806","ABC","112","0","1.000 - 5.000"
""
"INSTRUCTOR(S)","TYPE","DAYS","TIME","BUILD","ROOM"
"","Internship","","","",""
""
"SEAT","SID","SURNAME","PREFNAME","LEVEL","UNITS","CLASS","MAJOR","GRADE","STATUS","EMAIL"
""
"CID","TERM","SUBJ","CRSE","SEC","UNITS"
"84077","200806","ABC","112","1","1.000 - 5.000"
""
"INSTRUCTOR(S)","TYPE","DAYS","TIME","BUILD","ROOM"
"","Internship","","","",""
""
"SEAT","SID","SURNAME","PREFNAME","LEVEL","UNITS","CLASS","MAJOR","GRADE","STATUS","EMAIL"
""
"CID","TERM","SUBJ","CRSE","SEC","UNITS"
"18492","200806","ABC","112","2","1.000 - 5.000"
""
"INSTRUCTOR(S)","TYPE","DAYS","TIME","BUILD","ROOM"
"Perry, Katherine V.","Internship","","","",""
""
"SEAT","SID","SURNAME","PREFNAME","LEVEL","UNITS","CLASS","MAJOR","GRADE","STATUS","EMAIL"
""
"CID","TERM","SUBJ","CRSE","SEC","UNITS"
"61509","200806","ABC","113","0","1.000 - 5.000"
""
"INSTRUCTOR(S)","TYPE","DAYS","TIME","BUILD","ROOM"
"","Variable","","","",""
""
"SEAT","SID","SURNAME","PREFNAME","LEVEL","UNITS","CLASS","MAJOR","GRADE","STATUS","EMAIL"
""
"CID","TERM","SUBJ","CRSE","SEC","UNITS"
"74482","200806","ABC","113","1","1.000 - 5.000"
""
"INSTRUCTOR(S)","TYPE","DAYS","TIME","BUILD","ROOM"
"","Variable","","","",""
""
"SEAT","SID","SURNAME","PREFNAME","LEVEL","UNITS","CLASS","MAJOR","GRADE","STATUS","EMAIL"
""
"CID","TERM","SUBJ","CRSE","SEC","UNITS"
"68784","200806","ABC","113","2","1.000 - 5.000"
""
"INSTRUCTOR(S)","TYPE","DAYS","TIME","BUILD","ROOM"
"Perry, Katherine V.","Variable","","","",""
""
"SEAT","SID","SURNAME","PREFNAME","LEVEL","UNITS","CLASS","MAJOR","GRADE","STATUS","EMAIL"
""
"CID","TERM","SUBJ","CRSE","SEC","UNITS"
"31937","200806","ABC","114","0","1.000 - 5.000"
""
"INSTRUCTOR(S)","TYPE","DAYS","TIME","BUILD","ROOM"
"","Variable","","","",""
""
"SEAT","SID","SURNAME","PREFNAME","LEVEL","UNITS","CLASS","MAJOR","GRADE","STATUS","EMAIL"
""
"CID","TERM","SUBJ","CRSE","SEC","UNITS"
"34276","200806","ABC","114","1","1.000 - 5.000"
""
"INSTRUCTOR(S)","TYPE","DAYS","TIME","BUILD","ROOM"
"","Variable","","","",""
""
"SEAT","SID","SURNAME","PREFNAME","LEVEL","UNITS","CLASS","MAJOR","GRADE","STATUS","EMAIL"
""
"CID","TERM","SUBJ","CRSE","SEC","UNITS"
"79298","200806","ABC","114","2","1.000 - 5.000"
""
"INSTRUCTOR(S)","TYPE","DAYS","TIME","BUILD","ROOM"
"Perry, Katherine V.","Variable","","","",""
""
"SEAT","SID","SURNAME","PREFNAME","LEVEL","UNITS","CLASS","MAJOR","GRADE","STATUS","EMAIL"
""
"CID","TERM","SUBJ","CRSE","SEC","UNITS"
"54957","200806","ABC","221","1","4"
""
"INSTRUCTOR(S)","TYPE","DAYS","TIME","BUILD","ROOM"
"Sullivan, Jordan H.","Lecture","MTW","12:10 PM - 1:50 PM","LH1","130"
"","Discussion","R","12:10 PM - 1:50 PM","LH1","130"
""
"SEAT","SID","SURNAME","PREFNAME","LEVEL","UNITS","CLASS","MAJOR","GRADE","STATUS","EMAIL"
"1","717521612","Russell","Nevaeh","UG","4","SR","O248","B+","RE","nevaeh.t.russell@fakeu.edu"
"2","931318677","Douglas","Aiden","UG","0","SR","OT42","B","RE","aiden.g.douglas@fakeu.edu"
"3","783067325","Martinez","Isaiah","UG","4","SR","ABC1","A","RE","isaiah.e.martinez@fakeu.edu"
"4","620954734","West","Maya","UG","4","SR","ABC1","C+","RE","maya.b.west@fakeu.edu"
"5","152931392","Wall","Valeria","UG","4","SR","O244","B","RE","valeria.k.wall@fakeu.edu"
"6","977458273","Douglas","Elijah","UG","4","SR","ABC1","A","RE","elijah.c.douglas@fakeu.edu"
"7","481283185","Baker","Angel","UG","4","SR","OT44","B-","RE","angel.a.baker@fakeu.edu"
"8","618505888","Adams","Daniel","UG","4","SR","ABC1","A-","RE","daniel.j.adams@fakeu.edu"
"9","739745558","Bennett","Sophia","UG","4","SR","ABC1","B","RE","sophia.c.bennett1@fakeu.edu"
"10","754995923","Wolfe","Jennifer","UG","4","SR","ABC1","A","RE","jennifer.o.wolfe@fakeu.edu"
"11","266363777","Frazier","Gabriel","UG","4","SR","ABC1","B","RE","gabriel.v.frazier@fakeu.edu"
"12","733418926","Stewart","Valentina","UG","4","SR","ABC1","B+","RE","valentina.a.stewart@fakeu.edu"
"13","560448861","Mcfarland","Nathan","UG","4","SR","ABC1","A-","RE","nathan.j.mcfarland@fakeu.edu"
"14","533083674","Alvarez","Natalie","UG","4","JR","ABC1","A-","RE","natalie.s.alvarez@fakeu.edu"
"15","531364459","Lee","Julian","UG","4","SR","ABC1","F","RE","julian.e.lee1@fakeu.edu"
"16","644486963","Shannon","Damian","UG","4","SR","ABC1","A-","RE","damian.e.shannon@fakeu.edu"
"17","565268247","Taylor","Damian","UG","4","JR","ABC1","A-","RE","damian.l.taylor@fakeu.edu"
"18","729026785","Mitchell","Luis","UG","4","JR","ABC1","F","RE","luis.b.mitchell@fakeu.edu"
"19","315537531","Reed","Evan","UG","4","JR","ABC2","C+","RE","evan.g.reed@fakeu.edu"
"20","276806591","House","Eva","UG","4","JR","ABC1","A","RE","eva.e.house@fakeu.edu"
"21","179941686","Jones","Christopher","UG","4","JR","ABC1","B-","RE","christopher.a.jones@fakeu.edu"
"22","856917502","Gates","Dylan","UG","4","JR","OT42","B-","RE","dylan.e.gates@fakeu.edu"
"23","100715545","Gonzalez","Aubrey","UG","4","JR","ABC2","A","RE","aubrey.j.gonzalez@fakeu.edu"
"24","890554634","Mcgee","Isaac","UG","4","JR","ABC1","B-","RE","isaac.l.mcgee@fakeu.edu"
"25","221375121","Wilson","Jocelyn","UG","4","JR","ABC1","F","RE","jocelyn.g.wilson@fakeu.edu"
"26","579687360","Miller","Noah","UG","4","JR","ABC2","A","RE","noah.e.miller@fakeu.edu"
"27","978499332","Scott","Camila","UG","4","SR","ABC1","B","RE","camila.o.scott@fakeu.edu"
"28","323944517","Sanders","Nathan","UG","4","FR","ABC2","D+","RE","nathan.o.sanders@fakeu.edu"
"29","999476836","Trujillo","Ava","UG","4","FR","ABC1","A","RE","ava.a.trujillo@fakeu.edu"
"30","928982268","Bailey","Alan","UG","4","SR","ABC2","A-","RE","alan.m.bailey@fakeu.edu"
"31","599070013","Robinson","Olivia","UG","4","JR","ABC1","A","RE","olivia.a.robinson@fakeu.edu"
"32","818494718","Taylor","Miguel","UG","4","JR","ABC2","F","RE","miguel.x.taylor@fakeu.edu"
"33","268786508","Graham","Eric","UG","4","JR","O251","B+","RE","eric.m.graham@fakeu.edu"
"34","165728686","Gonzalez","Jonathan","UG","4","FR","ABC1","F","RE","jonathan.s.gonzalez@fakeu.edu"
"35","142465906","Brown","Aaliyah","UG","4","SR","O232","A","RE","aaliyah.a.brown@fakeu.edu"
"36","351799421","Duncan","Ethan","UG","4","SR","ABC1","A","RE","ethan.s.duncan@fakeu.edu"
"37","842197057","Duran","Mia","UG","4","SR","O240","B-","RE","mia.b.duran@fakeu.edu"
"38","581862784","Jordan","Gavin","UG","4","SR","ABC1","A","RE","gavin.e.jordan@fakeu.edu"
""
"CID","TERM","SUBJ","CRSE","SEC","UNITS"
"77409","200806","ABC","251","0","1"
""
"INSTRUCTOR(S)","TYPE","DAYS","TIME","BUILD","ROOM"
"","Discussion","","","",""
""
"SEAT","SID","SURNAME","PREFNAME","LEVEL","UNITS","CLASS","MAJOR","GRADE","STATUS","EMAIL"
""
"CID","TERM","SUBJ","CRSE","SEC","UNITS"
"25862","200806","ABC","251","1","1"
""
"INSTRUCTOR(S)","TYPE","DAYS","TIME","BUILD","ROOM"
"","Discussion","","","",""
""
"SEAT","SID","SURNAME","PREFNAME","LEVEL","UNITS","CLASS","MAJOR","GRADE","STATUS","EMAIL"
""
"CID","TERM","SUBJ","CRSE","SEC","UNITS"
"38708","200806","ABC","251","2","1"
""
"INSTRUCTOR(S)","TYPE","DAYS","TIME","BUILD","ROOM"
"Perry, Katherine V.","Discussion","","","",""
""
"SEAT","SID","SURNAME","PREFNAME","LEVEL","UNITS","CLASS","MAJOR","GRADE","STATUS","EMAIL"
""
"CID","TERM","SUBJ","CRSE","SEC","UNITS"
"21003","200806","ABC","251","29","1"
""
"INSTRUCTOR(S)","TYPE","DAYS","TIME","BUILD","ROOM"
"","Discussion","","","",""
""
"SEAT","SID","SURNAME","PREFNAME","LEVEL","UNITS","CLASS","MAJOR","GRADE","STATUS","EMAIL"
""
"CID","TERM","SUBJ","CRSE","SEC","UNITS"
"37561","200806","ABC","253","0","1.000 - 5.000"
""
"INSTRUCTOR(S)","TYPE","DAYS","TIME","BUILD","ROOM"
"","Internship","","","",""
""
"SEAT","SID","SURNAME","PREFNAME","LEVEL","UNITS","CLASS","MAJOR","GRADE","STATUS","EMAIL"
""
"CID","TERM","SUBJ","CRSE","SEC","UNITS"
"48297","200806","ABC","253","1","1.000 - 5.000"
""
"INSTRUCTOR(S)","TYPE","DAYS","TIME","BUILD","ROOM"
"","Internship","","","",""
""
"SEAT","SID","SURNAME","PREFNAME","LEVEL","UNITS","CLASS","MAJOR","GRADE","STATUS","EMAIL"
"1","423540312","Fernandez","Christopher","UG","3","SR","ABC1","P","RE","christopher.l.fernandez@fakeu.edu"
""
"CID","TERM","SUBJ","CRSE","SEC","UNITS"
"17992","200806","ABC","253","2","1.000 - 5.000"
""
"INSTRUCTOR(S)","TYPE","DAYS","TIME","BUILD","ROOM"
"Perry, Katherine V.","Internship","","","",""
""
"SEAT","SID","SURNAME","PREFNAME","LEVEL","UNITS","CLASS","MAJOR","GRADE","STATUS","EMAIL"
""
"CID","TERM","SUBJ","CRSE","SEC","UNITS"
"87057","200806","ABC","256","0","1.000 - 5.000"
""
"INSTRUCTOR(S)","TYPE","DAYS","TIME","BUILD","ROOM"
"","Variable","","","",""
""
"SEAT","SID","SURNAME","PREFNAME","LEVEL","UNITS","CLASS","MAJOR","GRADE","STATUS","EMAIL"
""
"CID","TERM","SUBJ","CRSE","SEC","UNITS"
"85765","200806","ABC","256","1","1.000 - 5.000"
""
"INSTRUCTOR(S)","TYPE","DAYS","TIME","BUILD","ROOM"
"","Variable","","","",""
""
"SEAT","SID","SURNAME","PREFNAME","LEVEL","UNITS","CLASS","MAJOR","GRADE","STATUS","EMAIL"
""
"CID","TERM","SUBJ","CRSE","SEC","UNITS"
"61186","200806","ABC","256","2","1.000 - 5.000"
""
"INSTRUCTOR(S)","TYPE","DAYS","TIME","BUILD","ROOM"
"Perry, Katherine V.","Variable","","","",""
""
"SEAT","SID","SURNAME","PREFNAME","LEVEL","UNITS","CLASS","MAJOR","GRADE","STATUS","EMAIL"
""
"CID","TERM","SUBJ","CRSE","SEC","UNITS"
"41614","200806","ABC","261","0","1.000 - 5.000"
""
"INSTRUCTOR(S)","TYPE","DAYS","TIME","BUILD","ROOM"
"","Variable","","","",""
""
"SEAT","SID","SURNAME","PREFNAME","LEVEL","UNITS","CLASS","MAJOR","GRADE","STATUS","EMAIL"
""
"CID","TERM","SUBJ","CRSE","SEC","UNITS"
"44400","200806","ABC","261","1","1.000 - 5.000"
""
"INSTRUCTOR(S)","TYPE","DAYS","TIME","BUILD","ROOM"
"","Variable","","","",""
""
"SEAT","SID","SURNAME","PREFNAME","LEVEL","UNITS","CLASS","MAJOR","GRADE","STATUS","EMAIL"
"1","845044203","Moreno","Christopher","ND","4","ND","O253","P","RE","christopher.w.moreno@fakeu.edu"
"2","830698155","Flores","Amy","ND","4","ND","O253","P","RE","amy.a.flores@fakeu.edu"
"3","944192558","Graham","Mia","ND","4","ND","O253","P","RE","mia.s.graham@fakeu.edu"
"4","369087083","Bright","Dylan","UG","2","SR","ABC2","P","RE","dylan.v.bright@fakeu.edu"
"5","746458880","Davis","Matthew","UG","3","SR","OT42","P","RE","matthew.a.davis@fakeu.edu"
""
"CID","TERM","SUBJ","CRSE","SEC","UNITS"
"47835","200806","ABC","261","2","1.000 - 5.000"
""
"INSTRUCTOR(S)","TYPE","DAYS","TIME","BUILD","ROOM"
"Perry, Katherine V.","Variable","","","",""
""
"SEAT","SID","SURNAME","PREFNAME","LEVEL","UNITS","CLASS","MAJOR","GRADE","STATUS","EMAIL"
""
"CID","TERM","SUBJ","CRSE","SEC","UNITS"
"70612","200806","ABC","261","29","1.000 - 5.000"
""
"INSTRUCTOR(S)","TYPE","DAYS","TIME","BUILD","ROOM"
"","Variable","","","",""
""
"SEAT","SID","SURNAME","PREFNAME","LEVEL","UNITS","CLASS","MAJOR","GRADE","STATUS","EMAIL"
""
"CID","TERM","SUBJ","CRSE","SEC","UNITS"
"90255","200806","ABC","371","0","1"
""
"INSTRUCTOR(S)","TYPE","DAYS","TIME","BUILD","ROOM"
"","Discussion","","","",""
""
"SEAT","SID","SURNAME","PREFNAME","LEVEL","UNITS","CLASS","MAJOR","GRADE","STATUS","EMAIL"
""
"CID","TERM","SUBJ","CRSE","SEC","UNITS"
"60632","200806","ABC","371","1","1"
""
"INSTRUCTOR(S)","TYPE","DAYS","TIME","BUILD","ROOM"
"","Discussion","","","",""
""
"SEAT","SID","SURNAME","PREFNAME","LEVEL","UNITS","CLASS","MAJOR","GRADE","STATUS","EMAIL"
""
"CID","TERM","SUBJ","CRSE","SEC","UNITS"
"62173","200806","ABC","371","2","1"
""
"INSTRUCTOR(S)","TYPE","DAYS","TIME","BUILD","ROOM"
"Perry, Katherine V.","Discussion","","","",""
""
"SEAT","SID","SURNAME","PREFNAME","LEVEL","UNITS","CLASS","MAJOR","GRADE","STATUS","EMAIL"
""
"CID","TERM","SUBJ","CRSE","SEC","UNITS"
"26431","200806","ABC","371","17","1"
""
"INSTRUCTOR(S)","TYPE","DAYS","TIME","BUILD","ROOM"
"Rutledge, Ashley B.","Discussion","","","",""
""
"SEAT","SID","SURNAME","PREFNAME","LEVEL","UNITS","CLASS","MAJOR","GRADE","STATUS","EMAIL"
""
"CID","TERM","SUBJ","CRSE","SEC","UNITS"
"20759","200806","ABC","371","23","1"
""
"INSTRUCTOR(S)","TYPE","DAYS","TIME","BUILD","ROOM"
"Donaldson, Matthew C.","Discussion","","","",""
""
"SEAT","SID","SURNAME","PREFNAME","LEVEL","UNITS","CLASS","MAJOR","GRADE","STATUS","EMAIL"
""
"CID","TERM","SUBJ","CRSE","SEC","UNITS"
"56446","200806","ABC","371","30","1"
""
"INSTRUCTOR(S)","TYPE","DAYS","TIME","BUILD","ROOM"
"","Discussion","","","",""
""
"SEAT","SID","SURNAME","PREFNAME","LEVEL","UNITS","CLASS","MAJOR","GRADE","STATUS","EMAIL"
""
"CID","TERM","SUBJ","CRSE","SEC","UNITS"
"71488","200806","ABC","371","34","1"
""
"INSTRUCTOR(S)","TYPE","DAYS","TIME","BUILD","ROOM"
"","Discussion","","","",""
""
"SEAT","SID","SURNAME","PREFNAME","LEVEL","UNITS","CLASS","MAJOR","GRADE","STATUS","EMAIL"
""
"CID","TERM","SUBJ","CRSE","SEC","UNITS"
"63725","200806","ABC","375","0","1.000 - 5.000"
""
"INSTRUCTOR(S)","TYPE","DAYS","TIME","BUILD","ROOM"
"","Variable","","","",""
""
"SEAT","SID","SURNAME","PREFNAME","LEVEL","UNITS","CLASS","MAJOR","GRADE","STATUS","EMAIL"
""
"CID","TERM","SUBJ","CRSE","SEC","UNITS"
"91230","200806","ABC","375","1","1.000 - 5.000"
""
"INSTRUCTOR(S)","TYPE","DAYS","TIME","BUILD","ROOM"
"","Variable","","","",""
""
"SEAT","SID","SURNAME","PREFNAME","LEVEL","UNITS","CLASS","MAJOR","GRADE","STATUS","EMAIL"
""
"CID","TERM","SUBJ","CRSE","SEC","UNITS"
"48040","200806","ABC","375","2","1.000 - 5.000"
""
"INSTRUCTOR(S)","TYPE","DAYS","TIME","BUILD","ROOM"
"Perry, Katherine V.","Variable","","","",""
""
"SEAT","SID","SURNAME","PREFNAME","LEVEL","UNITS","CLASS","MAJOR","GRADE","STATUS","EMAIL"
""
"CID","TERM","SUBJ","CRSE","SEC","UNITS"
"35052","200806","ABC","376","0","1.000 - 12.000"
""
"INSTRUCTOR(S)","TYPE","DAYS","TIME","BUILD","ROOM"
"","Variable","","","",""
""
"SEAT","SID","SURNAME","PREFNAME","LEVEL","UNITS","CLASS","MAJOR","GRADE","STATUS","EMAIL"
""
"CID","TERM","SUBJ","CRSE","SEC","UNITS"
"91767","200806","ABC","376","1","1.000 - 12.000"
""
"INSTRUCTOR(S)","TYPE","DAYS","TIME","BUILD","ROOM"
"Green, Isabella M.","Variable","","","",""
""
"SEAT","SID","SURNAME","PREFNAME","LEVEL","UNITS","CLASS","MAJOR","GRADE","STATUS","EMAIL"
"1","998803171","Gray","Eric","GR","1","D2","O118","S","RE","eric.l.gray@fakeu.edu"
"2","394162733","Scott","Brayden","GR","1","GM","ABCG","S","RE","brayden.e.scott@fakeu.edu"
"3","515498863","Wilson","Alyssa","GR","1","D2","ABCG","S","RE","alyssa.m.wilson@fakeu.edu"
"4","431371832","Baldwin","Ava","GR","1","D2","ABCG","S","RE","ava.w.baldwin@fakeu.edu"
"5","656939781","Williams","Abigail","GR","1","D2","ABCG","S","RE","abigail.t.williams@fakeu.edu"
"6","112517561","Harris","Joseph","GR","1","D2","ABCG","S","RE","joseph.a.harris@fakeu.edu"
"7","785514769","Davidson","Noah","GR","1","D1","DEFG","S","RE","noah.m.davidson@fakeu.edu"
"8","504150278","Ramirez","Christian","GR","1","D1","ABCG","S","RE","christian.v.ramirez@fakeu.edu"
"9","581826933","Smith","Jordan","GR","1","D2","ABCG","S","RE","jordan.z.smith@fakeu.edu"
"10","375259913","Thompson","David","GR","1","D2","ABCG","S","RE","david.d.thompson@fakeu.edu"
"11","222474107","Howard","William","GR","1","D2","ABCG","S","RE","william.c.howard@fakeu.edu"
"12","515370435","Ellis","Tyler","GR","1","D1","ABCG","S","RE","tyler.l.ellis@fakeu.edu"
"13","744594498","Garrett","Thomas","GR","1","D2","ABCG","S","RE","thomas.a.garrett@fakeu.edu"
"14","499393060","Gill","Christian","GR","1","GM","ABCG","S","RE","christian.e.gill@fakeu.edu"
"15","144565109","Brooks","Carlos","GR","1","D2","ABCG","S","RE","carlos.s.brooks@fakeu.edu"
"16","387426023","Fisher","Mia","GR","1","GM","ABCG","S","RE","mia.j.fisher@fakeu.edu"
"17","380157742","Scott","Miguel","GR","1","D2","DEFG","S","RE","miguel.a.scott@fakeu.edu"
""
"CID","TERM","SUBJ","CRSE","SEC","UNITS"
"63796","200806","ABC","376","2","1.000 - 12.000"
""
"INSTRUCTOR(S)","TYPE","DAYS","TIME","BUILD","ROOM"
"Perry, Katherine V.","Variable","","","",""
""
"SEAT","SID","SURNAME","PREFNAME","LEVEL","UNITS","CLASS","MAJOR","GRADE","STATUS","EMAIL"
""
"CID","TERM","SUBJ","CRSE","SEC","UNITS"
"93791","200806","ABC","376","10","1.000 - 12.000"
""
"INSTRUCTOR(S)","TYPE","DAYS","TIME","BUILD","ROOM"
"Johnson, Abigail N.","Variable","","","",""
""
"SEAT","SID","SURNAME","PREFNAME","LEVEL","UNITS","CLASS","MAJOR","GRADE","STATUS","EMAIL"
""
"CID","TERM","SUBJ","CRSE","SEC","UNITS"
"18822","200806","ABC","376","13","1.000 - 12.000"
""
"INSTRUCTOR(S)","TYPE","DAYS","TIME","BUILD","ROOM"
"Snyder, Samantha R.","Variable","","","",""
""
"SEAT","SID","SURNAME","PREFNAME","LEVEL","UNITS","CLASS","MAJOR","GRADE","STATUS","EMAIL"
""
"CID","TERM","SUBJ","CRSE","SEC","UNITS"
"47201","200806","ABC","376","17","1.000 - 12.000"
""
"INSTRUCTOR(S)","TYPE","DAYS","TIME","BUILD","ROOM"
"Rutledge, Ashley B.","Variable","","","",""
""
"SEAT","SID","SURNAME","PREFNAME","LEVEL","UNITS","CLASS","MAJOR","GRADE","STATUS","EMAIL"
""
"CID","TERM","SUBJ","CRSE","SEC","UNITS"
"66883","200806","ABC","376","20","1.000 - 12.000"
""
"INSTRUCTOR(S)","TYPE","DAYS","TIME","BUILD","ROOM"
"Green, Isabella M.","Variable","","","",""
""
"SEAT","SID","SURNAME","PREFNAME","LEVEL","UNITS","CLASS","MAJOR","GRADE","STATUS","EMAIL"
""
"CID","TERM","SUBJ","CRSE","SEC","UNITS"
"30863","200806","ABC","376","23","1.000 - 12.000"
""
"INSTRUCTOR(S)","TYPE","DAYS","TIME","BUILD","ROOM"
"Donaldson, Matthew C.","Variable","","","",""
""
"SEAT","SID","SURNAME","PREFNAME","LEVEL","UNITS","CLASS","MAJOR","GRADE","STATUS","EMAIL"
""
"CID","TERM","SUBJ","CRSE","SEC","UNITS"
"76610","200806","ABC","376","33","1.000 - 12.000"
""
"INSTRUCTOR(S)","TYPE","DAYS","TIME","BUILD","ROOM"
"","Variable","","","",""
""
"SEAT","SID","SURNAME","PREFNAME","LEVEL","UNITS","CLASS","MAJOR","GRADE","STATUS","EMAIL"
""
"CID","TERM","SUBJ","CRSE","SEC","UNITS"
"36829","200806","ABC","378","0","1"
""
"INSTRUCTOR(S)","TYPE","DAYS","TIME","BUILD","ROOM"
"","Discussion","","","",""
""
"SEAT","SID","SURNAME","PREFNAME","LEVEL","UNITS","CLASS","MAJOR","GRADE","STATUS","EMAIL"
""
"CID","TERM","SUBJ","CRSE","SEC","UNITS"
"68588","200806","ABC","378","1","1"
""
"INSTRUCTOR(S)","TYPE","DAYS","TIME","BUILD","ROOM"
"","Discussion","","","",""
""
"SEAT","SID","SURNAME","PREFNAME","LEVEL","UNITS","CLASS","MAJOR","GRADE","STATUS","EMAIL"
""
"CID","TERM","SUBJ","CRSE","SEC","UNITS"
"40874","200806","ABC","378","2","1"
""
"INSTRUCTOR(S)","TYPE","DAYS","TIME","BUILD","ROOM"
"Perry, Katherine V.","Discussion","","","",""
""
"SEAT","SID","SURNAME","PREFNAME","LEVEL","UNITS","CLASS","MAJOR","GRADE","STATUS","EMAIL"
""
"CID","TERM","SUBJ","CRSE","SEC","UNITS"
"11569","200806","ABC","379","0","1.000 - 4.000"
""
"INSTRUCTOR(S)","TYPE","DAYS","TIME","BUILD","ROOM"
"","Variable","","","",""
""
"SEAT","SID","SURNAME","PREFNAME","LEVEL","UNITS","CLASS","MAJOR","GRADE","STATUS","EMAIL"
""
"CID","TERM","SUBJ","CRSE","SEC","UNITS"
"88041","200806","ABC","379","1","1.000 - 4.000"
""
"INSTRUCTOR(S)","TYPE","DAYS","TIME","BUILD","ROOM"
"","Variable","","","",""
""
"SEAT","SID","SURNAME","PREFNAME","LEVEL","UNITS","CLASS","MAJOR","GRADE","STATUS","EMAIL"
""
"CID","TERM","SUBJ","CRSE","SEC","UNITS"
"31948","200806","ABC","379","2","1.000 - 4.000"
""
"INSTRUCTOR(S)","TYPE","DAYS","TIME","BUILD","ROOM"
"Perry, Katherine V.","Variable","","","",""
""
"SEAT","SID","SURNAME","PREFNAME","LEVEL","UNITS","CLASS","MAJOR","GRADE","STATUS","EMAIL"
""
"CID","TERM","SUBJ","CRSE","SEC","UNITS"
"26696","200806","ABC","101","21","4"
""
"INSTRUCTOR(S)","TYPE","DAYS","TIME","BUILD","ROOM"
"Carpenter, Grace S.","Lecture","MWF","11:00 AM - 12:40 PM","LH1","90"
"","Discussion","MWF","12:41 PM - 1:15 PM","LH1","90"
""
"SEAT","SID","SURNAME","PREFNAME","LEVEL","UNITS","CLASS","MAJOR","GRADE","STATUS","EMAIL"
"1","273361221","Miller","Ruby","UG","4","SR","O243","A-","RE","ruby.e.miller@fakeu.edu"
"2","527840745","Barnett","Jorge","UG","4","SO","O240","C-","RE","jorge.j.barnett@fakeu.edu"
"3","724328243","Guzman","Ethan","UG","4","SR","OTH8","A-","RE","ethan.f.guzman@fakeu.edu"
"4","657568438","Edwards","Savannah","UG","4","JR","OTH8","C+","RE","savannah.j.edwards@fakeu.edu"
"5","683008329","Reed","Emma","UG","4","SR","OT21","A","RE","emma.j.reed@fakeu.edu"
"6","349995048","Thornton","Isabella","UG","4","FR","ABC2","C+","RE","isabella.a.thornton@fakeu.edu"
"7","111412764","Farmer","Evelyn","UG","4","SO","O238","B-","RE","evelyn.a.farmer@fakeu.edu"
"8","469852452","Stephens","Alex","UG","4","SR","O126","A-","RE","alex.l.stephens@fakeu.edu"
"9","264924762","Jordan","Jennifer","UG","4","SR","O181","B-","RE","jennifer.a.jordan@fakeu.edu"
"10","425097383","Robinson","Charlotte","UG","4","FR","ABC1","A","RE","charlotte.d.robinson@fakeu.edu"
"11","744646402","Wheeler","Camila","UG","4","SR","O238","I","RE","camila.n.wheeler@fakeu.edu"
"12","676187557","Wilson","Olivia","UG","4","SO","O239","B","RE","olivia.m.wilson@fakeu.edu"
"13","455217830","Conley","Daniel","UG","4","JR","OT39","B-","RE","daniel.a.conley@fakeu.edu"
"14","606152217","Woods","Ryan","UG","4","JR","OTH8","B-","RE","ryan.d.woods@fakeu.edu"
"15","940325163","Pope","Damian","UG","4","SO","OTH8","I","RE","damian.m.pope@fakeu.edu"
"16","377885422","Hancock","Liam","UG","4","SR","O244","A+","RE","liam.a.hancock@fakeu.edu"
"17","505219716","White","Savannah","UG","4","JR","OTH8","C-","RE","savannah.j.white2@fakeu.edu"
"18","128710349","Brady","Alexa","UG","4","SR","O174","B+","RE","alexa.v.brady@fakeu.edu"
"19","925028187","Greer","Olivia","UG","4","SR","O240","B+","RE","olivia.a.greer@fakeu.edu"
"20","165728686","Gonzalez","Jonathan","UG","4","FR","ABC1","A-","RE","jonathan.s.gonzalez@fakeu.edu"
"21","975892496","Franco","Isaac","UG","4","FR","O225","D","RE","isaac.m.franco@fakeu.edu"
"22","905088560","Wood","Sophia","UG","4","JR","OTH8","B","RE","sophia.l.wood@fakeu.edu"
"23","142431321","Finley","Julian","UG","4","SO","O238","B-","RE","julian.r.finley@fakeu.edu"
""
"CID","TERM","SUBJ","CRSE","SEC","UNITS"
"97407","200806","ABC","112","0","1.000 - 5.000"
""
"INSTRUCTOR(S)","TYPE","DAYS","TIME","BUILD","ROOM"
"","Internship","","","",""
""
"SEAT","SID","SURNAME","PREFNAME","LEVEL","UNITS","CLASS","MAJOR","GRADE","STATUS","EMAIL"
""
"CID","TERM","SUBJ","CRSE","SEC","UNITS"
"17978","200806","ABC","112","1","1.000 - 5.000"
""
"INSTRUCTOR(S)","TYPE","DAYS","TIME","BUILD","ROOM"
"","Internship","","","",""
""
"SEAT","SID","SURNAME","PREFNAME","LEVEL","UNITS","CLASS","MAJOR","GRADE","STATUS","EMAIL"
""
"CID","TERM","SUBJ","CRSE","SEC","UNITS"
"13465","200806","ABC","112","2","1.000 - 5.000"
""
"INSTRUCTOR(S)","TYPE","DAYS","TIME","BUILD","ROOM"
"Perry, Katherine V.","Internship","","","",""
""
"SEAT","SID","SURNAME","PREFNAME","LEVEL","UNITS","CLASS","MAJOR","GRADE","STATUS","EMAIL"
""
"CID","TERM","SUBJ","CRSE","SEC","UNITS"
"16016","200806","ABC","113","0","1.000 - 5.000"
""
"INSTRUCTOR(S)","TYPE","DAYS","TIME","BUILD","ROOM"
"","Variable","","","",""
""
"SEAT","SID","SURNAME","PREFNAME","LEVEL","UNITS","CLASS","MAJOR","GRADE","STATUS","EMAIL"
""
"CID","TERM","SUBJ","CRSE","SEC","UNITS"
"56423","200806","ABC","113","1","1.000 - 5.000"
""
"INSTRUCTOR(S)","TYPE","DAYS","TIME","BUILD","ROOM"
"","Variable","","","",""
""
"SEAT","SID","SURNAME","PREFNAME","LEVEL","UNITS","CLASS","MAJOR","GRADE","STATUS","EMAIL"
""
"CID","TERM","SUBJ","CRSE","SEC","UNITS"
"77993","200806","ABC","113","2","1.000 - 5.000"
""
"INSTRUCTOR(S)","TYPE","DAYS","TIME","BUILD","ROOM"
"Perry, Katherine V.","Variable","","","",""
""
"SEAT","SID","SURNAME","PREFNAME","LEVEL","UNITS","CLASS","MAJOR","GRADE","STATUS","EMAIL"
""
"CID","TERM","SUBJ","CRSE","SEC","UNITS"
"40523","200806","ABC","114","0","1.000 - 5.000"
""
"INSTRUCTOR(S)","TYPE","DAYS","TIME","BUILD","ROOM"
"","Variable","","","",""
""
"SEAT","SID","SURNAME","PREFNAME","LEVEL","UNITS","CLASS","MAJOR","GRADE","STATUS","EMAIL"
""
"CID","TERM","SUBJ","CRSE","SEC","UNITS"
"11087","200806","ABC","114","1","1.000 - 5.000"
""
"INSTRUCTOR(S)","TYPE","DAYS","TIME","BUILD","ROOM"
"","Variable","","","",""
""
"SEAT","SID","SURNAME","PREFNAME","LEVEL","UNITS","CLASS","MAJOR","GRADE","STATUS","EMAIL"
""
"CID","TERM","SUBJ","CRSE","SEC","UNITS"
"61310","200806","ABC","114","2","1.000 - 5.000"
""
"INSTRUCTOR(S)","TYPE","DAYS","TIME","BUILD","ROOM"
"Perry, Katherine V.","Variable","","","",""
""
"SEAT","SID","SURNAME","PREFNAME","LEVEL","UNITS","CLASS","MAJOR","GRADE","STATUS","EMAIL"
""
"CID","TERM","SUBJ","CRSE","SEC","UNITS"
"22423","200806","ABC","251","0","1"
""
"INSTRUCTOR(S)","TYPE","DAYS","TIME","BUILD","ROOM"
"","Discussion","","","",""
""
"SEAT","SID","SURNAME","PREFNAME","LEVEL","UNITS","CLASS","MAJOR","GRADE","STATUS","EMAIL"
""
"CID","TERM","SUBJ","CRSE","SEC","UNITS"
"49436","200806","ABC","251","1","1"
""
"INSTRUCTOR(S)","TYPE","DAYS","TIME","BUILD","ROOM"
"","Discussion","","","",""
""
"SEAT","SID","SURNAME","PREFNAME","LEVEL","UNITS","CLASS","MAJOR","GRADE","STATUS","EMAIL"
""
"CID","TERM","SUBJ","CRSE","SEC","UNITS"
"29075","200806","ABC","251","2","1"
""
"INSTRUCTOR(S)","TYPE","DAYS","TIME","BUILD","ROOM"
"Perry, Katherine V.","Discussion","","","",""
""
"SEAT","SID","SURNAME","PREFNAME","LEVEL","UNITS","CLASS","MAJOR","GRADE","STATUS","EMAIL"
""
"CID","TERM","SUBJ","CRSE","SEC","UNITS"
"18017","200806","ABC","253","0","1.000 - 5.000"
""
"INSTRUCTOR(S)","TYPE","DAYS","TIME","BUILD","ROOM"
"","Internship","","","",""
""
"SEAT","SID","SURNAME","PREFNAME","LEVEL","UNITS","CLASS","MAJOR","GRADE","STATUS","EMAIL"
""
"CID","TERM","SUBJ","CRSE","SEC","UNITS"
"54520","200806","ABC","253","1","1.000 - 5.000"
""
"INSTRUCTOR(S)","TYPE","DAYS","TIME","BUILD","ROOM"
"","Internship","","","",""
""
"SEAT","SID","SURNAME","PREFNAME","LEVEL","UNITS","CLASS","MAJOR","GRADE","STATUS","EMAIL"
"1","925008085","Evans","Hailey","UG","1","SR","ABC1","P","RE","hailey.a.evans@fakeu.edu"
""
"CID","TERM","SUBJ","CRSE","SEC","UNITS"
"33815","200806","ABC","253","2","1.000 - 5.000"
""
"INSTRUCTOR(S)","TYPE","DAYS","TIME","BUILD","ROOM"
"Perry, Katherine V.","Internship","","","",""
""
"SEAT","SID","SURNAME","PREFNAME","LEVEL","UNITS","CLASS","MAJOR","GRADE","STATUS","EMAIL"
""
"CID","TERM","SUBJ","CRSE","SEC","UNITS"
"22274","200806","ABC","256","0","1.000 - 5.000"
""
"INSTRUCTOR(S)","TYPE","DAYS","TIME","BUILD","ROOM"
"","Variable","","","",""
""
"SEAT","SID","SURNAME","PREFNAME","LEVEL","UNITS","CLASS","MAJOR","GRADE","STATUS","EMAIL"
""
"CID","TERM","SUBJ","CRSE","SEC","UNITS"
"71071","200806","ABC","256","1","1.000 - 5.000"
""
"INSTRUCTOR(S)","TYPE","DAYS","TIME","BUILD","ROOM"
"","Variable","","","",""
""
"SEAT","SID","SURNAME","PREFNAME","LEVEL","UNITS","CLASS","MAJOR","GRADE","STATUS","EMAIL"
""
"CID","TERM","SUBJ","CRSE","SEC","UNITS"
"84516","200806","ABC","256","2","1.000 - 5.000"
""
"INSTRUCTOR(S)","TYPE","DAYS","TIME","BUILD","ROOM"
"Perry, Katherine V.","Variable","","","",""
""
"SEAT","SID","SURNAME","PREFNAME","LEVEL","UNITS","CLASS","MAJOR","GRADE","STATUS","EMAIL"
""
"CID","TERM","SUBJ","CRSE","SEC","UNITS"
"69395","200806","ABC","261","0","1.000 - 5.000"
""
"INSTRUCTOR(S)","TYPE","DAYS","TIME","BUILD","ROOM"
"","Variable","","","",""
""
"SEAT","SID","SURNAME","PREFNAME","LEVEL","UNITS","CLASS","MAJOR","GRADE","STATUS","EMAIL"
""
"CID","TERM","SUBJ","CRSE","SEC","UNITS"
"29987","200806","ABC","261","1","1.000 - 5.000"
""
"INSTRUCTOR(S)","TYPE","DAYS","TIME","BUILD","ROOM"
"","Variable","","","",""
""
"SEAT","SID","SURNAME","PREFNAME","LEVEL","UNITS","CLASS","MAJOR","GRADE","STATUS","EMAIL"
"1","845044203","Moreno","Christopher","ND","4","ND","O253","P","RE","christopher.w.moreno@fakeu.edu"
"2","830698155","Flores","Amy","ND","4","ND","O253","P","RE","amy.a.flores@fakeu.edu"
""
"CID","TERM","SUBJ","CRSE","SEC","UNITS"
"79754","200806","ABC","261","2","1.000 - 5.000"
""
"INSTRUCTOR(S)","TYPE","DAYS","TIME","BUILD","ROOM"
"Perry, Katherine V.","Variable","","","",""
""
"SEAT","SID","SURNAME","PREFNAME","LEVEL","UNITS","CLASS","MAJOR","GRADE","STATUS","EMAIL"
""
"CID","TERM","SUBJ","CRSE","SEC","UNITS"
"94178","200806","ABC","371","0","1"
""
"INSTRUCTOR(S)","TYPE","DAYS","TIME","BUILD","ROOM"
"","Discussion","","","",""
""
"SEAT","SID","SURNAME","PREFNAME","LEVEL","UNITS","CLASS","MAJOR","GRADE","STATUS","EMAIL"
""
"CID","TERM","SUBJ","CRSE","SEC","UNITS"
"32094","200806","ABC","371","1","1"
""
"INSTRUCTOR(S)","TYPE","DAYS","TIME","BUILD","ROOM"
"","Discussion","","","",""
""
"SEAT","SID","SURNAME","PREFNAME","LEVEL","UNITS","CLASS","MAJOR","GRADE","STATUS","EMAIL"
""
"CID","TERM","SUBJ","CRSE","SEC","UNITS"
"96694","200806","ABC","371","2","1"
""
"INSTRUCTOR(S)","TYPE","DAYS","TIME","BUILD","ROOM"
"Perry, Katherine V.","Discussion","","","",""
""
"SEAT","SID","SURNAME","PREFNAME","LEVEL","UNITS","CLASS","MAJOR","GRADE","STATUS","EMAIL"
""
"CID","TERM","SUBJ","CRSE","SEC","UNITS"
"60154","200806","ABC","375","0","1.000 - 5.000"
""
"INSTRUCTOR(S)","TYPE","DAYS","TIME","BUILD","ROOM"
"","Variable","","","",""
""
"SEAT","SID","SURNAME","PREFNAME","LEVEL","UNITS","CLASS","MAJOR","GRADE","STATUS","EMAIL"
""
"CID","TERM","SUBJ","CRSE","SEC","UNITS"
"45171","200806","ABC","375","1","1.000 - 5.000"
""
"INSTRUCTOR(S)","TYPE","DAYS","TIME","BUILD","ROOM"
"","Variable","","","",""
""
"SEAT","SID","SURNAME","PREFNAME","LEVEL","UNITS","CLASS","MAJOR","GRADE","STATUS","EMAIL"
""
"CID","TERM","SUBJ","CRSE","SEC","UNITS"
"44559","200806","ABC","375","2","1.000 - 5.000"
""
"INSTRUCTOR(S)","TYPE","DAYS","TIME","BUILD","ROOM"
"Perry, Katherine V.","Variable","","","",""
""
"SEAT","SID","SURNAME","PREFNAME","LEVEL","UNITS","CLASS","MAJOR","GRADE","STATUS","EMAIL"
""
"CID","TERM","SUBJ","CRSE","SEC","UNITS"
"43596","200806","ABC","376","0","1.000 - 12.000"
""
"INSTRUCTOR(S)","TYPE","DAYS","TIME","BUILD","ROOM"
"","Variable","","","",""
""
"SEAT","SID","SURNAME","PREFNAME","LEVEL","UNITS","CLASS","MAJOR","GRADE","STATUS","EMAIL"
""
"CID","TERM","SUBJ","CRSE","SEC","UNITS"
"43317","200806","ABC","376","1","1.000 - 12.000"
""
"INSTRUCTOR(S)","TYPE","DAYS","TIME","BUILD","ROOM"
"Green, Isabella M.","Variable","","","",""
""
"SEAT","SID","SURNAME","PREFNAME","LEVEL","UNITS","CLASS","MAJOR","GRADE","STATUS","EMAIL"
"1","394162733","Scott","Brayden","GR","1","GM","ABCG","S","RE","brayden.e.scott@fakeu.edu"
"2","756394705","Reed","Victoria","GR","1","D2","ABCG","S","RE","victoria.a.reed@fakeu.edu"
"3","831120222","Barber","Jacob","GR","1","D2","ABCG","S","RE","jacob.e.barber@fakeu.edu"
"4","514254336","Fitzgerald","Joseph","GR","1","D1","ABCG","S","RE","joseph.c.fitzgerald@fakeu.edu"
"5","344162707","Scott","Samantha","GR","1","D1","ABCG","S","RE","samantha.a.scott@fakeu.edu"
""
"CID","TERM","SUBJ","CRSE","SEC","UNITS"
"54951","200806","ABC","376","2","1.000 - 12.000"
""
"INSTRUCTOR(S)","TYPE","DAYS","TIME","BUILD","ROOM"
"Perry, Katherine V.","Variable","","","",""
""
"SEAT","SID","SURNAME","PREFNAME","LEVEL","UNITS","CLASS","MAJOR","GRADE","STATUS","EMAIL"
""
"CID","TERM","SUBJ","CRSE","SEC","UNITS"
"28759","200806","ABC","378","0","1"
""
"INSTRUCTOR(S)","TYPE","DAYS","TIME","BUILD","ROOM"
"","Discussion","","","",""
""
"SEAT","SID","SURNAME","PREFNAME","LEVEL","UNITS","CLASS","MAJOR","GRADE","STATUS","EMAIL"
""
"CID","TERM","SUBJ","CRSE","SEC","UNITS"
"34358","200806","ABC","378","1","1"
""
"INSTRUCTOR(S)","TYPE","DAYS","TIME","BUILD","ROOM"
"","Discussion","","","",""
""
"SEAT","SID","SURNAME","PREFNAME","LEVEL","UNITS","CLASS","MAJOR","GRADE","STATUS","EMAIL"
""
"CID","TERM","SUBJ","CRSE","SEC","UNITS"
"52738","200806","ABC","378","2","1"
""
"INSTRUCTOR(S)","TYPE","DAYS","TIME","BUILD","ROOM"
"Perry, Katherine V.","Discussion","","","",""
""
"SEAT","SID","SURNAME","PREFNAME","LEVEL","UNITS","CLASS","MAJOR","GRADE","STATUS","EMAIL"
""
"CID","TERM","SUBJ","CRSE","SEC","UNITS"
"26785","200806","ABC","379","0","1.000 - 4.000"
""
"INSTRUCTOR(S)","TYPE","DAYS","TIME","BUILD","ROOM"
"","Variable","","","",""
""
"SEAT","SID","SURNAME","PREFNAME","LEVEL","UNITS","CLASS","MAJOR","GRADE","STATUS","EMAIL"
""
"CID","TERM","SUBJ","CRSE","SEC","UNITS"
"97681","200806","ABC","379","1","1.000 - 4.000"
""
"INSTRUCTOR(S)","TYPE","DAYS","TIME","BUILD","ROOM"
"","Variable","","","",""
""
"SEAT","SID","SURNAME","PREFNAME","LEVEL","UNITS","CLASS","MAJOR","GRADE","STATUS","EMAIL"
""
"CID","TERM","SUBJ","CRSE","SEC","UNITS"
"91790","200806","ABC","379","2","1.000 - 4.000"
""
"INSTRUCTOR(S)","TYPE","DAYS","TIME","BUILD","ROOM"
"Perry, Katherine V.","Variable","","","",""
""
"SEAT","SID","SURNAME","PREFNAME","LEVEL","UNITS","CLASS","MAJOR","GRADE","STATUS","EMAIL"
""
"CID","TERM","SUBJ","CRSE","SEC","UNITS"
"54529","200806","DEF","106","1","1"
""
"INSTRUCTOR(S)","TYPE","DAYS","TIME","BUILD","ROOM"
"Mcdaniel, Elijah I.","Discussion","","","",""
""
"SEAT","SID","SURNAME","PREFNAME","LEVEL","UNITS","CLASS","MAJOR","GRADE","STATUS","EMAIL"
""
"CID","TERM","SUBJ","CRSE","SEC","UNITS"
"98278","200806","DEF","108","4","1.000 - 5.000"
""
"INSTRUCTOR(S)","TYPE","DAYS","TIME","BUILD","ROOM"
"","Internship","","","",""
""
"SEAT","SID","SURNAME","PREFNAME","LEVEL","UNITS","CLASS","MAJOR","GRADE","STATUS","EMAIL"
""
"CID","TERM","SUBJ","CRSE","SEC","UNITS"
"45566","200806","DEF","110","0","1.000 - 5.000"
""
"INSTRUCTOR(S)","TYPE","DAYS","TIME","BUILD","ROOM"
"","Variable","","","",""
""
"SEAT","SID","SURNAME","PREFNAME","LEVEL","UNITS","CLASS","MAJOR","GRADE","STATUS","EMAIL"
""
"CID","TERM","SUBJ","CRSE","SEC","UNITS"
"63169","200806","DEF","110","1","1.000 - 5.000"
""
"INSTRUCTOR(S)","TYPE","DAYS","TIME","BUILD","ROOM"
"Mcdaniel, Elijah I.","Variable","","","",""
""
"SEAT","SID","SURNAME","PREFNAME","LEVEL","UNITS","CLASS","MAJOR","GRADE","STATUS","EMAIL"
""
"CID","TERM","SUBJ","CRSE","SEC","UNITS"
"90972","200806","DEF","258","1","5"
""
"INSTRUCTOR(S)","TYPE","DAYS","TIME","BUILD","ROOM"
"Hodges, Jose I.","Lecture","MWF","8:00 AM - 9:40 AM","MB2","1016"
"","Laboratory","MWF","10:00 AM - 12:15 PM","MB4","2230"
"","Laboratory","","","MB4","2230"
""
"SEAT","SID","SURNAME","PREFNAME","LEVEL","UNITS","CLASS","MAJOR","GRADE","STATUS","EMAIL"
"1","204516584","Frazier","David","UG","5","SR","DEF1","B-","RE","david.e.frazier@fakeu.edu"
"2","527316196","Taylor","Mateo","UG","5","SR","DEF2","B-","RE","mateo.v.taylor@fakeu.edu"
"3","323021029","Powers","Sebastian","UG","5","SR","ABC2","B","RE","sebastian.j.powers@fakeu.edu"
"4","945842565","Anderson","Ian","UG","5","SR","DEF1","B+","RE","ian.m.anderson@fakeu.edu"
"5","142154330","Reyes","Alan","UG","5","SR","DEF1","B+","RE","alan.j.reyes@fakeu.edu"
"6","817257211","Oliver","Dylan","UG","5","SR","DEF2","A-","RE","dylan.l.oliver@fakeu.edu"
"7","620787168","Kennedy","Audrey","UG","5","SR","DEF1","A","RE","audrey.i.kennedy@fakeu.edu"
"8","461261835","Jensen","Natalie","UG","5","SR","DEF2","B+","RE","natalie.c.jensen@fakeu.edu"
"9","665641340","Fox","David","UG","5","SR","DEF1","B+","RE","david.a.fox@fakeu.edu"
"10","310691374","Gonzalez","Delilah","UG","5","SR","DEF1","A-","RE","delilah.l.gonzalez1@fakeu.edu"
"11","249964078","Johnson","Emily","UG","5","JR","DEF2","A-","RE","emily.j.johnson2@fakeu.edu"
"12","605465630","Holcomb","Benjamin","UG","5","JR","DEF1","A-","RE","benjamin.z.holcomb@fakeu.edu"
"13","717773974","Herman","Emily","UG","5","JR","DEF1","D","RE","emily.b.herman@fakeu.edu"
"14","993631472","Payne","Owen","UG","5","JR","ABC2","A-","RE","owen.l.payne@fakeu.edu"
"15","979688283","Durham","Lucas","UG","5","JR","DEF1","D+","RE","lucas.i.durham@fakeu.edu"
"16","731509704","Conner","Michelle","UG","5","JR","DEF1","A","RE","michelle.a.conner@fakeu.edu"
"17","524214884","Robinson","Michael","UG","5","SR","ABC2","B-","RE","michael.a.robinson@fakeu.edu"
"18","266272411","Warner","Luis","UG","5","SR","ABC2","C","RE","luis.k.warner@fakeu.edu"
"19","173809601","Henry","Michael","UG","5","JR","OTH4","C","RE","michael.c.henry@fakeu.edu"
"20","976896669","Knight","Ethan","UG","5","SR","O224","B","RE","ethan.j.knight@fakeu.edu"
""
"CID","TERM","SUBJ","CRSE","SEC","UNITS"
"26173","200806","DEF","258","2","5"
""
"INSTRUCTOR(S)","TYPE","DAYS","TIME","BUILD","ROOM"
"Hodges, Jose I.","Lecture","MWF","8:00 AM - 9:40 AM","MB2","1016"
"","Laboratory","MWF","1:10 PM - 3:25 PM","MB4","2230"
"","Laboratory","","","MB4","2230"
""
"SEAT","SID","SURNAME","PREFNAME","LEVEL","UNITS","CLASS","MAJOR","GRADE","STATUS","EMAIL"
"1","481075440","Morgan","Zoe","U2","5","U2","DEF1","B+","RE","zoe.a.morgan1@fakeu.edu"
"2","806968710","Norton","Noah","UG","5","JR","DEF1","C+","RE","noah.n.norton@fakeu.edu"
"3","957812225","Campbell","Olivia","UG","5","JR","DEF1","A","RE","olivia.c.campbell@fakeu.edu"
"4","662756422","Burns","Ariana","UG","5","JR","DEF1","B","RE","ariana.a.burns@fakeu.edu"
"5","683606708","Henry","Nathan","UG","5","JR","DEF1","B+","RE","nathan.s.henry@fakeu.edu"
"6","490528467","Mays","Olivia","UG","5","JR","DEF2","B","RE","olivia.d.mays@fakeu.edu"
"7","526151868","Crawford","Jackson","U0","5","FR","OTH2","A","RE","jackson.n.crawford@fakeu.edu"
"8","362695042","Murphy","Natalie","UG","5","SR","ABC2","NS","RE","natalie.i.murphy@fakeu.edu"
"9","894514802","Singleton","Juan","UG","5","SR","ABC1","B+","RE","juan.c.singleton@fakeu.edu"
"10","501895336","Rios","Vanessa","UG","5","SR","ABC1","B-","RE","vanessa.j.rios@fakeu.edu"
"11","945167031","Hampton","Zachary","UG","5","SR","DEF2","C-","RE","zachary.a.hampton@fakeu.edu"
"12","849729125","Hines","Kylie","UG","5","SR","ABC2","D-","RE","kylie.s.hines@fakeu.edu"
"13","601246773","Battle","Melanie","UG","5","SR","ABC2","B+","RE","melanie.a.battle@fakeu.edu"
"14","217758429","Mcdaniel","Luke","UG","5","SR","ABC1","B","RE","luke.j.mcdaniel@fakeu.edu"
"15","886385511","Alexander","Jayden","UG","5","SR","DEF1","C","RE","jayden.u.alexander@fakeu.edu"
"16","861695200","Day","Nicholas","UG","5","SR","ABC2","B+","RE","nicholas.i.day@fakeu.edu"
"17","205292177","Lopez","Aaliyah","UG","5","JR","ABC2","C+","RE","aaliyah.d.lopez@fakeu.edu"
""
"CID","TERM","SUBJ","CRSE","SEC","UNITS"
"58268","200806","DEF","285","0","1"
""
"INSTRUCTOR(S)","TYPE","DAYS","TIME","BUILD","ROOM"
"","Discussion","","","",""
""
"SEAT","SID","SURNAME","PREFNAME","LEVEL","UNITS","CLASS","MAJOR","GRADE","STATUS","EMAIL"
""
"CID","TERM","SUBJ","CRSE","SEC","UNITS"
"98476","200806","DEF","285","1","1"
""
"INSTRUCTOR(S)","TYPE","DAYS","TIME","BUILD","ROOM"
"","Discussion","","","",""
""
"SEAT","SID","SURNAME","PREFNAME","LEVEL","UNITS","CLASS","MAJOR","GRADE","STATUS","EMAIL"
""
"CID","TERM","SUBJ","CRSE","SEC","UNITS"
"21129","200806","DEF","285","3","1"
""
"INSTRUCTOR(S)","TYPE","DAYS","TIME","BUILD","ROOM"
"Cox, Jordan V.","Discussion","","","",""
""
"SEAT","SID","SURNAME","PREFNAME","LEVEL","UNITS","CLASS","MAJOR","GRADE","STATUS","EMAIL"
""
"CID","TERM","SUBJ","CRSE","SEC","UNITS"
"94004","200806","DEF","285","4","1"
""
"INSTRUCTOR(S)","TYPE","DAYS","TIME","BUILD","ROOM"
"Goodwin, David A.","Discussion","","","",""
""
"SEAT","SID","SURNAME","PREFNAME","LEVEL","UNITS","CLASS","MAJOR","GRADE","STATUS","EMAIL"
"1","123089180","Kelley","Jeremiah","UG","1","SR","DEF2","P","RE","jeremiah.k.kelley@fakeu.edu"
""
"CID","TERM","SUBJ","CRSE","SEC","UNITS"
"43417","200806","DEF","285","6","1"
""
"INSTRUCTOR(S)","TYPE","DAYS","TIME","BUILD","ROOM"
"Taylor, Liam L.","Discussion","","","",""
""
"SEAT","SID","SURNAME","PREFNAME","LEVEL","UNITS","CLASS","MAJOR","GRADE","STATUS","EMAIL"
"1","369583605","Delgado","Luis","ND","1","ND","O253","P","RE","luis.m.delgado@fakeu.edu"
""
"CID","TERM","SUBJ","CRSE","SEC","UNITS"
"72087","200806","DEF","286","0","1.000 - 5.000"
""
"INSTRUCTOR(S)","TYPE","DAYS","TIME","BUILD","ROOM"
"","Internship","","","",""
""
"SEAT","SID","SURNAME","PREFNAME","LEVEL","UNITS","CLASS","MAJOR","GRADE","STATUS","EMAIL"
""
"CID","TERM","SUBJ","CRSE","SEC","UNITS"
"73793","200806","DEF","286","7","1.000 - 5.000"
""
"INSTRUCTOR(S)","TYPE","DAYS","TIME","BUILD","ROOM"
"","Internship","","","",""
""
"SEAT","SID","SURNAME","PREFNAME","LEVEL","UNITS","CLASS","MAJOR","GRADE","STATUS","EMAIL"
""
"CID","TERM","SUBJ","CRSE","SEC","UNITS"
"56803","200806","DEF","286","13","1.000 - 5.000"
""
"INSTRUCTOR(S)","TYPE","DAYS","TIME","BUILD","ROOM"
"White, Jonathan E.","Internship","","","",""
""
"SEAT","SID","SURNAME","PREFNAME","LEVEL","UNITS","CLASS","MAJOR","GRADE","STATUS","EMAIL"
""
"CID","TERM","SUBJ","CRSE","SEC","UNITS"
"80713","200806","DEF","286","23","1.000 - 5.000"
""
"INSTRUCTOR(S)","TYPE","DAYS","TIME","BUILD","ROOM"
"Davenport, Jackson L.","Internship","","","",""
""
"SEAT","SID","SURNAME","PREFNAME","LEVEL","UNITS","CLASS","MAJOR","GRADE","STATUS","EMAIL"
"1","509947316","Haynes","Isabella","UG","1","SR","DEF1","P","RE","isabella.h.haynes@fakeu.edu"
""
"CID","TERM","SUBJ","CRSE","SEC","UNITS"
"90391","200806","DEF","299","23","1.000 - 5.000"
""
"INSTRUCTOR(S)","TYPE","DAYS","TIME","BUILD","ROOM"
"Taylor, Liam L.","Variable","","","",""
""
"SEAT","SID","SURNAME","PREFNAME","LEVEL","UNITS","CLASS","MAJOR","GRADE","STATUS","EMAIL"
""
"CID","TERM","SUBJ","CRSE","SEC","UNITS"
"16676","200806","DEF","300","0","1.000 - 5.000"
""
"INSTRUCTOR(S)","TYPE","DAYS","TIME","BUILD","ROOM"
"","Variable","","","",""
""
"SEAT","SID","SURNAME","PREFNAME","LEVEL","UNITS","CLASS","MAJOR","GRADE","STATUS","EMAIL"
""
"CID","TERM","SUBJ","CRSE","SEC","UNITS"
"17812","200806","DEF","300","1","1.000 - 5.000"
""
"INSTRUCTOR(S)","TYPE","DAYS","TIME","BUILD","ROOM"
"Hodges, Jose I.","Variable","","","",""
""
"SEAT","SID","SURNAME","PREFNAME","LEVEL","UNITS","CLASS","MAJOR","GRADE","STATUS","EMAIL"
"1","900098095","Buckley","Katherine","UG","1","SO","O251","P","RE","katherine.k.buckley@fakeu.edu"
""
"CID","TERM","SUBJ","CRSE","SEC","UNITS"
"45621","200806","DEF","300","2","1.000 - 5.000"
""
"INSTRUCTOR(S)","TYPE","DAYS","TIME","BUILD","ROOM"
"White, Jonathan E.","Variable","","","",""
""
"SEAT","SID","SURNAME","PREFNAME","LEVEL","UNITS","CLASS","MAJOR","GRADE","STATUS","EMAIL"
""
"CID","TERM","SUBJ","CRSE","SEC","UNITS"
"57451","200806","DEF","300","3","1.000 - 5.000"
""
"INSTRUCTOR(S)","TYPE","DAYS","TIME","BUILD","ROOM"
"","Variable","","","",""
""
"SEAT","SID","SURNAME","PREFNAME","LEVEL","UNITS","CLASS","MAJOR","GRADE","STATUS","EMAIL"
"1","123089180","Kelley","Jeremiah","UG","1","SR","DEF2","NG","RE","jeremiah.k.kelley@fakeu.edu"
""
"CID","TERM","SUBJ","CRSE","SEC","UNITS"
"29145","200806","DEF","300","5","1.000 - 5.000"
""
"INSTRUCTOR(S)","TYPE","DAYS","TIME","BUILD","ROOM"
"Wiley, Natalie A.","Variable","","","",""
""
"SEAT","SID","SURNAME","PREFNAME","LEVEL","UNITS","CLASS","MAJOR","GRADE","STATUS","EMAIL"
""
"CID","TERM","SUBJ","CRSE","SEC","UNITS"
"43730","200806","DEF","300","6","1.000 - 5.000"
""
"INSTRUCTOR(S)","TYPE","DAYS","TIME","BUILD","ROOM"
"Taylor, Liam L.","Variable","","","",""
""
"SEAT","SID","SURNAME","PREFNAME","LEVEL","UNITS","CLASS","MAJOR","GRADE","STATUS","EMAIL"
"1","369583605","Delgado","Luis","ND","3","ND","O253","P","RE","luis.m.delgado@fakeu.edu"
""
"CID","TERM","SUBJ","CRSE","SEC","UNITS"
"26880","200806","DEF","300","16","1.000 - 5.000"
""
"INSTRUCTOR(S)","TYPE","DAYS","TIME","BUILD","ROOM"
"Mcdaniel, Elijah I.","Variable","","","",""
""
"SEAT","SID","SURNAME","PREFNAME","LEVEL","UNITS","CLASS","MAJOR","GRADE","STATUS","EMAIL"
""
"CID","TERM","SUBJ","CRSE","SEC","UNITS"
"74461","200806","DEF","417","0","1"
""
"INSTRUCTOR(S)","TYPE","DAYS","TIME","BUILD","ROOM"
"","Discussion","","","",""
""
"SEAT","SID","SURNAME","PREFNAME","LEVEL","UNITS","CLASS","MAJOR","GRADE","STATUS","EMAIL"
""
"CID","TERM","SUBJ","CRSE","SEC","UNITS"
"74806","200806","DEF","417","1","1"
""
"INSTRUCTOR(S)","TYPE","DAYS","TIME","BUILD","ROOM"
"Sanders, Julian R.","Discussion","","","",""
""
"SEAT","SID","SURNAME","PREFNAME","LEVEL","UNITS","CLASS","MAJOR","GRADE","STATUS","EMAIL"
""
"CID","TERM","SUBJ","CRSE","SEC","UNITS"
"16143","200806","DEF","417","2","1"
""
"INSTRUCTOR(S)","TYPE","DAYS","TIME","BUILD","ROOM"
"Moody, Emma F.","Discussion","","","",""
""
"SEAT","SID","SURNAME","PREFNAME","LEVEL","UNITS","CLASS","MAJOR","GRADE","STATUS","EMAIL"
""
"CID","TERM","SUBJ","CRSE","SEC","UNITS"
"51554","200806","DEF","417","12","1"
""
"INSTRUCTOR(S)","TYPE","DAYS","TIME","BUILD","ROOM"
"Sanders, Ruby I.","Discussion","","","",""
""
"SEAT","SID","SURNAME","PREFNAME","LEVEL","UNITS","CLASS","MAJOR","GRADE","STATUS","EMAIL"
""
"CID","TERM","SUBJ","CRSE","SEC","UNITS"
"81428","200806","DEF","417","16","1"
""
"INSTRUCTOR(S)","TYPE","DAYS","TIME","BUILD","ROOM"
"Lopez, Joseph S.","Discussion","","","",""
""
"SEAT","SID","SURNAME","PREFNAME","LEVEL","UNITS","CLASS","MAJOR","GRADE","STATUS","EMAIL"
""
"CID","TERM","SUBJ","CRSE","SEC","UNITS"
"25384","200806","DEF","417","17","1"
""
"INSTRUCTOR(S)","TYPE","DAYS","TIME","BUILD","ROOM"
"Cox, Jordan V.","Discussion","","","",""
""
"SEAT","SID","SURNAME","PREFNAME","LEVEL","UNITS","CLASS","MAJOR","GRADE","STATUS","EMAIL"
""
"CID","TERM","SUBJ","CRSE","SEC","UNITS"
"59456","200806","DEF","417","40","1"
""
"INSTRUCTOR(S)","TYPE","DAYS","TIME","BUILD","ROOM"
"Terry, Sophie L.","Discussion","","","",""
""
"SEAT","SID","SURNAME","PREFNAME","LEVEL","UNITS","CLASS","MAJOR","GRADE","STATUS","EMAIL"
""
"CID","TERM","SUBJ","CRSE","SEC","UNITS"
"89932","200806","DEF","426","0","1.000 - 12.000"
""
"INSTRUCTOR(S)","TYPE","DAYS","TIME","BUILD","ROOM"
"","Variable","","","",""
""
"SEAT","SID","SURNAME","PREFNAME","LEVEL","UNITS","CLASS","MAJOR","GRADE","STATUS","EMAIL"
""
"CID","TERM","SUBJ","CRSE","SEC","UNITS"
"15199","200806","DEF","426","1","1.000 - 12.000"
""
"INSTRUCTOR(S)","TYPE","DAYS","TIME","BUILD","ROOM"
"Gibson, Melanie M.","Variable","","","",""
""
"SEAT","SID","SURNAME","PREFNAME","LEVEL","UNITS","CLASS","MAJOR","GRADE","STATUS","EMAIL"
""
"CID","TERM","SUBJ","CRSE","SEC","UNITS"
"36744","200806","DEF","426","2","1.000 - 12.000"
""
"INSTRUCTOR(S)","TYPE","DAYS","TIME","BUILD","ROOM"
"Griffith, Dylan J.","Variable","","","",""
""
"SEAT","SID","SURNAME","PREFNAME","LEVEL","UNITS","CLASS","MAJOR","GRADE","STATUS","EMAIL"
""
"CID","TERM","SUBJ","CRSE","SEC","UNITS"
"10761","200806","DEF","426","6","1.000 - 12.000"
""
"INSTRUCTOR(S)","TYPE","DAYS","TIME","BUILD","ROOM"
"Moody, Emma F.","Variable","","","",""
""
"SEAT","SID","SURNAME","PREFNAME","LEVEL","UNITS","CLASS","MAJOR","GRADE","STATUS","EMAIL"
"1","939437419","Clayton","Alexander","GR","1","GM","DEFG","NG","RE","alexander.s.clayton@fakeu.edu"
""
"CID","TERM","SUBJ","CRSE","SEC","UNITS"
"44656","200806","DEF","426","9","1.000 - 12.000"
""
"INSTRUCTOR(S)","TYPE","DAYS","TIME","BUILD","ROOM"
"Cox, Jordan V.","Variable","","","",""
""
"SEAT","SID","SURNAME","PREFNAME","LEVEL","UNITS","CLASS","MAJOR","GRADE","STATUS","EMAIL"
""
"CID","TERM","SUBJ","CRSE","SEC","UNITS"
"14736","200806","DEF","426","12","1.000 - 12.000"
""
"INSTRUCTOR(S)","TYPE","DAYS","TIME","BUILD","ROOM"
"Sanders, Ruby I.","Variable","","","",""
""
"SEAT","SID","SURNAME","PREFNAME","LEVEL","UNITS","CLASS","MAJOR","GRADE","STATUS","EMAIL"
"1","286401241","Dean","Arianna","GR","1","D2","DEFG","S","RE","arianna.a.dean@fakeu.edu"
""
"CID","TERM","SUBJ","CRSE","SEC","UNITS"
"69982","200806","DEF","426","16","1.000 - 12.000"
""
"INSTRUCTOR(S)","TYPE","DAYS","TIME","BUILD","ROOM"
"Lopez, Joseph S.","Variable","","","",""
""
"SEAT","SID","SURNAME","PREFNAME","LEVEL","UNITS","CLASS","MAJOR","GRADE","STATUS","EMAIL"
""
"CID","TERM","SUBJ","CRSE","SEC","UNITS"
"33619","200806","DEF","426","21","1.000 - 12.000"
""
"INSTRUCTOR(S)","TYPE","DAYS","TIME","BUILD","ROOM"
"Snyder, Samantha R.","Variable","","","",""
""
"SEAT","SID","SURNAME","PREFNAME","LEVEL","UNITS","CLASS","MAJOR","GRADE","STATUS","EMAIL"
""
"CID","TERM","SUBJ","CRSE","SEC","UNITS"
"96937","200806","DEF","426","22","1.000 - 12.000"
""
"INSTRUCTOR(S)","TYPE","DAYS","TIME","BUILD","ROOM"
"Suarez, Julian J.","Variable","","","",""
""
"SEAT","SID","SURNAME","PREFNAME","LEVEL","UNITS","CLASS","MAJOR","GRADE","STATUS","EMAIL"
"1","132470253","Jones","Amelia","GR","1","D2","DEFG","NG","RE","amelia.a.jones@fakeu.edu"
""
"CID","TERM","SUBJ","CRSE","SEC","UNITS"
"55765","200806","DEF","426","29","1.000 - 12.000"
""
"INSTRUCTOR(S)","TYPE","DAYS","TIME","BUILD","ROOM"
"Patterson, Savannah Q.","Variable","","","",""
""
"SEAT","SID","SURNAME","PREFNAME","LEVEL","UNITS","CLASS","MAJOR","GRADE","STATUS","EMAIL"
""
"CID","TERM","SUBJ","CRSE","SEC","UNITS"
"53601","200806","DEF","426","33","1.000 - 12.000"
""
"INSTRUCTOR(S)","TYPE","DAYS","TIME","BUILD","ROOM"
"Tyler, Isaac J.","Variable","","","",""
""
"SEAT","SID","SURNAME","PREFNAME","LEVEL","UNITS","CLASS","MAJOR","GRADE","STATUS","EMAIL"
"1","622060204","Watkins","Sofia","GR","1","D2","DEFG","NG","RE","sofia.j.watkins@fakeu.edu"
"2","455041364","Lee","Ethan","GR","1","D1","DEFG","NG","RE","ethan.o.lee@fakeu.edu"
""
"CID","TERM","SUBJ","CRSE","SEC","UNITS"
"98439","200806","DEF","426","40","1.000 - 12.000"
""
"INSTRUCTOR(S)","TYPE","DAYS","TIME","BUILD","ROOM"
"Terry, Sophie L.","Variable","","","",""
""
"SEAT","SID","SURNAME","PREFNAME","LEVEL","UNITS","CLASS","MAJOR","GRADE","STATUS","EMAIL"
""
"CID","TERM","SUBJ","CRSE","SEC","UNITS"
"55961","200806","DEF","426","51","1.000 - 12.000"
""
"INSTRUCTOR(S)","TYPE","DAYS","TIME","BUILD","ROOM"
"Miller, Liam M.","Variable","","","",""
""
"SEAT","SID","SURNAME","PREFNAME","LEVEL","UNITS","CLASS","MAJOR","GRADE","STATUS","EMAIL"
""
"CID","TERM","SUBJ","CRSE","SEC","UNITS"
"69871","200806","DEF","201","21","5"
""
"INSTRUCTOR(S)","TYPE","DAYS","TIME","BUILD","ROOM"
"York, Jesus A.","Lecture","MWF","8:00 AM - 9:40 AM","MB3","1066"
"","Discussion","M","10:00 AM - 11:40 AM","LH1","50"
"","Laboratory","TR","11:00 AM - 1:30 PM","MB4","2290"
""
"SEAT","SID","SURNAME","PREFNAME","LEVEL","UNITS","CLASS","MAJOR","GRADE","STATUS","EMAIL"
"1","481075440","Morgan","Zoe","U2","5","U2","DEF1","A-","RE","zoe.a.morgan1@fakeu.edu"
"2","843453104","Fox","Mia","UG","5","SR","O200","A-","RE","mia.j.fox@fakeu.edu"
"3","945842565","Anderson","Ian","UG","5","SR","DEF1","A-","RE","ian.m.anderson@fakeu.edu"
"4","233427710","Chambers","Ava","UG","5","SR","ABC2","A+","RE","ava.n.chambers@fakeu.edu"
"5","461261835","Jensen","Natalie","UG","5","SR","DEF2","B-","RE","natalie.c.jensen@fakeu.edu"
"6","249964078","Johnson","Emily","UG","5","SR","DEF2","A","RE","emily.j.johnson2@fakeu.edu"
"7","979688283","Durham","Lucas","UG","5","JR","DEF1","C-","RE","lucas.i.durham@fakeu.edu"
"8","248516424","Larson","Destiny","UG","5","JR","DEF1","B-","RE","destiny.v.larson@fakeu.edu"
"9","164197434","Collins","Alexandra","UG","5","SR","O254","B+","RE","alexandra.s.collins@fakeu.edu"
"10","538892492","Crawford","Sophie","UG","5","JR","OT26","B-","RE","sophie.m.crawford@fakeu.edu"
"11","173306812","Perez","Hailey","UG","0","SR","ABC2","C+","RE","hailey.e.perez@fakeu.edu"
"12","876352973","Taylor","Jonathan","UG","5","JR","DEF1","C+","RE","jonathan.g.taylor@fakeu.edu"
"13","683606708","Henry","Nathan","UG","5","JR","DEF1","D+","RE","nathan.s.henry@fakeu.edu"
"14","524214884","Robinson","Michael","UG","5","SR","ABC2","C","RE","michael.a.robinson@fakeu.edu"
"15","806968710","Norton","Noah","UG","5","JR","DEF1","D+","RE","noah.n.norton@fakeu.edu"
""
"CID","TERM","SUBJ","CRSE","SEC","UNITS"
"95869","200806","DEF","201","22","5"
""
"INSTRUCTOR(S)","TYPE","DAYS","TIME","BUILD","ROOM"
"York, Jesus A.","Lecture","MWF","8:00 AM - 9:40 AM","MB3","1066"
"","Discussion","M","10:00 AM - 11:40 AM","LH1","54"
"","Laboratory","TR","2:10 PM - 4:40 PM","MB4","2290"
""
"SEAT","SID","SURNAME","PREFNAME","LEVEL","UNITS","CLASS","MAJOR","GRADE","STATUS","EMAIL"
"1","568725953","Hansen","Natalie","UG","5","SR","DEF2","D+","RE","natalie.z.hansen@fakeu.edu"
"2","494601978","Lane","Ivan","UG","5","JR","DEF1","D","RE","ivan.j.lane@fakeu.edu"
"3","275506066","Baker","Sofia","UG","5","JR","ABC2","C+","RE","sofia.l.baker@fakeu.edu"
"4","601246773","Battle","Melanie","UG","5","SR","ABC2","F","RE","melanie.a.battle@fakeu.edu"
""
"CID","TERM","SUBJ","CRSE","SEC","UNITS"
"66663","200806","DEF","214","21","4"
""
"INSTRUCTOR(S)","TYPE","DAYS","TIME","BUILD","ROOM"
"Morris, Sebastian B.","Lecture","MWF","12:10 PM - 1:50 PM","LH5","45"
"","Discussion","T","2:10 PM - 3:50 PM","MB2","1014"
""
"SEAT","SID","SURNAME","PREFNAME","LEVEL","UNITS","CLASS","MAJOR","GRADE","STATUS","EMAIL"
"1","460722623","Smith","Justin","UG","4","SR","DEF1","C+","RE","justin.c.smith@fakeu.edu"
"2","249473819","Compton","Daisy","UG","4","SR","DEF1","C-","RE","daisy.s.compton@fakeu.edu"
"3","717773974","Herman","Emily","UG","4","SR","DEF1","D","RE","emily.b.herman@fakeu.edu"
"4","979688283","Durham","Lucas","UG","4","JR","DEF1","F","RE","lucas.i.durham@fakeu.edu"
"5","490528467","Mays","Olivia","UG","4","JR","DEF2","A-","RE","olivia.d.mays@fakeu.edu"
"6","362900776","Castillo","Sophia","UG","4","SR","O200","F","RE","sophia.t.castillo@fakeu.edu"
"7","745852801","Wells","Jacob","UG","4","SR","DEF1","A","RE","jacob.e.wells@fakeu.edu"
"8","976896669","Knight","Ethan","UG","4","SR","O224","B","RE","ethan.j.knight@fakeu.edu"
""
"CID","TERM","SUBJ","CRSE","SEC","UNITS"
"85512","200806","DEF","238","21","4"
""
"INSTRUCTOR(S)","TYPE","DAYS","TIME","BUILD","ROOM"
"Goodwin, David A.","Lecture","TWR","2:10 PM - 4:25 PM","MB2","1018"
""
"SEAT","SID","SURNAME","PREFNAME","LEVEL","UNITS","CLASS","MAJOR","GRADE","STATUS","EMAIL"
"1","843453104","Fox","Mia","UG","4","SR","O200","B+","RE","mia.j.fox@fakeu.edu"
"2","587306701","Mccoy","Hunter","UG","4","SR","OT64","B","RE","hunter.d.mccoy@fakeu.edu"
"3","436950415","Fischer","Brayden","UG","4","SR","DEF1","C","RE","brayden.a.fischer@fakeu.edu"
"4","123814159","Hartman","Andrew","UG","4","SR","DEF1","C","RE","andrew.j.hartman@fakeu.edu"
"5","943958051","Cox","Jonathan","UG","4","JR","DEF1","B+","RE","jonathan.j.cox1@fakeu.edu"
"6","977335356","Wilson","Jonathan","UG","4","SR","DEF1","A+","RE","jonathan.a.wilson@fakeu.edu"
"7","804923387","Bennett","Allison","UG","4","SR","DEF1","C+","RE","allison.d.bennett@fakeu.edu"
"8","667809927","Petersen","Alex","UG","4","SR","OT42","C","RE","alex.x.petersen@fakeu.edu"
"9","798916234","Powell","Alexis","UG","4","JR","DEF1","F","RE","alexis.d.powell@fakeu.edu"
"10","439022722","Woods","Alex","UG","4","SR","DEF1","I","RE","alex.s.woods@fakeu.edu"
"11","605465630","Holcomb","Benjamin","UG","4","SR","DEF1","A+","RE","benjamin.z.holcomb@fakeu.edu"
"12","310691374","Gonzalez","Delilah","UG","4","SR","DEF1","A-","RE","delilah.l.gonzalez1@fakeu.edu"
"13","976896669","Knight","Ethan","UG","4","SR","O224","C+","RE","ethan.j.knight@fakeu.edu"
"14","731509704","Conner","Michelle","UG","4","JR","DEF1","A+","RE","michelle.a.conner@fakeu.edu"
"15","945340640","Powell","Michael","UG","4","SR","DEF1","D","RE","michael.a.powell@fakeu.edu"
"16","987973721","Velasquez","Sofia","UG","4","SR","DEF1","B","RE","sofia.m.velasquez@fakeu.edu"
"17","605073122","Williams","Jacob","ND","4","ND","OTH2","I","RE","jacob.q.williams@fakeu.edu"
"18","714781989","West","Adrian","UG","4","SR","DEF1","B+","RE","adrian.v.west@fakeu.edu"
"19","944192558","Graham","Mia","ND","4","ND","O253","A+","RE","mia.s.graham@fakeu.edu"
""
"CID","TERM","SUBJ","CRSE","SEC","UNITS"
"20678","200806","DEF","250","21","4"
""
"INSTRUCTOR(S)","TYPE","DAYS","TIME","BUILD","ROOM"
"Davenport, Jackson L.","Lecture","MTW","2:10 PM - 3:50 PM","MB5","1336"
"","Discussion","MTW","3:51 PM - 4:25 PM","MB5","1336"
""
"SEAT","SID","SURNAME","PREFNAME","LEVEL","UNITS","CLASS","MAJOR","GRADE","STATUS","EMAIL"
"1","394637235","Scott","Sebastian","UG","4","SR","DEF1","A-","RE","sebastian.e.scott@fakeu.edu"
"2","431825467","Miller","Jacob","UG","4","SR","DEF1","B","RE","jacob.h.miller@fakeu.edu"
"3","461261835","Jensen","Natalie","UG","4","SR","DEF2","C","RE","natalie.c.jensen@fakeu.edu"
"4","249964078","Johnson","Emily","UG","4","SR","DEF2","A","RE","emily.j.johnson2@fakeu.edu"
"5","437921133","Velazquez","Ivan","UG","4","SR","DEF1","C","RE","ivan.a.velazquez@fakeu.edu"
"6","173570162","Madden","Landon","UG","4","SR","DEF1","A","RE","landon.v.madden@fakeu.edu"
"7","769387833","Curry","Joseph","UG","4","SR","DEF1","C","RE","joseph.g.curry@fakeu.edu"
"8","817257211","Oliver","Dylan","UG","4","SR","DEF2","A-","RE","dylan.l.oliver@fakeu.edu"
"9","167089623","Maddox","Christopher","UG","4","SR","DEF1","D","RE","christopher.o.maddox@fakeu.edu"
"10","262504229","Stone","Jonathan","UG","4","SR","DEF1","A","RE","jonathan.a.stone@fakeu.edu"
"11","348040576","Wolfe","Carlos","UG","4","SR","DEF2","C+","RE","carlos.d.wolfe@fakeu.edu"
"12","746458880","Davis","Matthew","UG","4","SR","OT42","D","RE","matthew.a.davis@fakeu.edu"
"13","481075440","Morgan","Zoe","U2","4","U2","DEF1","A","RE","zoe.a.morgan1@fakeu.edu"
""
"CID","TERM","SUBJ","CRSE","SEC","UNITS"
"91140","200806","DEF","285","0","1"
""
"INSTRUCTOR(S)","TYPE","DAYS","TIME","BUILD","ROOM"
"","Discussion","","","",""
""
"SEAT","SID","SURNAME","PREFNAME","LEVEL","UNITS","CLASS","MAJOR","GRADE","STATUS","EMAIL"
""
"CID","TERM","SUBJ","CRSE","SEC","UNITS"
"26010","200806","DEF","285","1","1"
""
"INSTRUCTOR(S)","TYPE","DAYS","TIME","BUILD","ROOM"
"Griffith, Dylan J.","Discussion","","","",""
""
"SEAT","SID","SURNAME","PREFNAME","LEVEL","UNITS","CLASS","MAJOR","GRADE","STATUS","EMAIL"
""
"CID","TERM","SUBJ","CRSE","SEC","UNITS"
"36682","200806","DEF","285","2","1"
""
"INSTRUCTOR(S)","TYPE","DAYS","TIME","BUILD","ROOM"
"","Discussion","","","",""
""
"SEAT","SID","SURNAME","PREFNAME","LEVEL","UNITS","CLASS","MAJOR","GRADE","STATUS","EMAIL"
""
"CID","TERM","SUBJ","CRSE","SEC","UNITS"
"43675","200806","DEF","286","0","1.000 - 5.000"
""
"INSTRUCTOR(S)","TYPE","DAYS","TIME","BUILD","ROOM"
"","Internship","","","",""
""
"SEAT","SID","SURNAME","PREFNAME","LEVEL","UNITS","CLASS","MAJOR","GRADE","STATUS","EMAIL"
""
"CID","TERM","SUBJ","CRSE","SEC","UNITS"
"59984","200806","DEF","286","11","1.000 - 5.000"
""
"INSTRUCTOR(S)","TYPE","DAYS","TIME","BUILD","ROOM"
"White, Jonathan E.","Internship","","","",""
""
"SEAT","SID","SURNAME","PREFNAME","LEVEL","UNITS","CLASS","MAJOR","GRADE","STATUS","EMAIL"
""
"CID","TERM","SUBJ","CRSE","SEC","UNITS"
"82377","200806","DEF","286","13","1.000 - 5.000"
""
"INSTRUCTOR(S)","TYPE","DAYS","TIME","BUILD","ROOM"
"White, Jonathan E.","Internship","","","",""
""
"SEAT","SID","SURNAME","PREFNAME","LEVEL","UNITS","CLASS","MAJOR","GRADE","STATUS","EMAIL"
""
"CID","TERM","SUBJ","CRSE","SEC","UNITS"
"55356","200806","DEF","299","23","1.000 - 5.000"
""
"INSTRUCTOR(S)","TYPE","DAYS","TIME","BUILD","ROOM"
"Taylor, Liam L.","Variable","","","",""
""
"SEAT","SID","SURNAME","PREFNAME","LEVEL","UNITS","CLASS","MAJOR","GRADE","STATUS","EMAIL"
""
"CID","TERM","SUBJ","CRSE","SEC","UNITS"
"97653","200806","DEF","300","0","1.000 - 5.000"
""
"INSTRUCTOR(S)","TYPE","DAYS","TIME","BUILD","ROOM"
"","Variable","","","",""
""
"SEAT","SID","SURNAME","PREFNAME","LEVEL","UNITS","CLASS","MAJOR","GRADE","STATUS","EMAIL"
""
"CID","TERM","SUBJ","CRSE","SEC","UNITS"
"47307","200806","DEF","300","1","1.000 - 5.000"
""
"INSTRUCTOR(S)","TYPE","DAYS","TIME","BUILD","ROOM"
"Griffith, Dylan J.","Variable","","","",""
""
"SEAT","SID","SURNAME","PREFNAME","LEVEL","UNITS","CLASS","MAJOR","GRADE","STATUS","EMAIL"
""
"CID","TERM","SUBJ","CRSE","SEC","UNITS"
"14474","200806","DEF","300","2","1.000 - 5.000"
""
"INSTRUCTOR(S)","TYPE","DAYS","TIME","BUILD","ROOM"
"","Variable","","","",""
""
"SEAT","SID","SURNAME","PREFNAME","LEVEL","UNITS","CLASS","MAJOR","GRADE","STATUS","EMAIL"
""
"CID","TERM","SUBJ","CRSE","SEC","UNITS"
"84312","200806","DEF","417","0","1"
""
"INSTRUCTOR(S)","TYPE","DAYS","TIME","BUILD","ROOM"
"","Discussion","","","",""
""
"SEAT","SID","SURNAME","PREFNAME","LEVEL","UNITS","CLASS","MAJOR","GRADE","STATUS","EMAIL"
""
"CID","TERM","SUBJ","CRSE","SEC","UNITS"
"31119","200806","DEF","417","1","1"
""
"INSTRUCTOR(S)","TYPE","DAYS","TIME","BUILD","ROOM"
"Sanders, Julian R.","Discussion","","","",""
""
"SEAT","SID","SURNAME","PREFNAME","LEVEL","UNITS","CLASS","MAJOR","GRADE","STATUS","EMAIL"
""
"CID","TERM","SUBJ","CRSE","SEC","UNITS"
"45987","200806","DEF","417","2","1"
""
"INSTRUCTOR(S)","TYPE","DAYS","TIME","BUILD","ROOM"
"Stafford, Aaliyah A.","Discussion","","","",""
""
"SEAT","SID","SURNAME","PREFNAME","LEVEL","UNITS","CLASS","MAJOR","GRADE","STATUS","EMAIL"
""
"CID","TERM","SUBJ","CRSE","SEC","UNITS"
"96807","200806","DEF","417","12","1"
""
"INSTRUCTOR(S)","TYPE","DAYS","TIME","BUILD","ROOM"
"Sanders, Ruby I.","Discussion","","","",""
""
"SEAT","SID","SURNAME","PREFNAME","LEVEL","UNITS","CLASS","MAJOR","GRADE","STATUS","EMAIL"
""
"CID","TERM","SUBJ","CRSE","SEC","UNITS"
"23222","200806","DEF","417","24","1"
""
"INSTRUCTOR(S)","TYPE","DAYS","TIME","BUILD","ROOM"
"Noel, Alexa K.","Discussion","","","",""
""
"SEAT","SID","SURNAME","PREFNAME","LEVEL","UNITS","CLASS","MAJOR","GRADE","STATUS","EMAIL"
"1","150918412","Powers","David","GR","1","D1","ABCG","NG","RE","david.l.powers@fakeu.edu"
""
"CID","TERM","SUBJ","CRSE","SEC","UNITS"
"72976","200806","DEF","417","40","1"
""
"INSTRUCTOR(S)","TYPE","DAYS","TIME","BUILD","ROOM"
"Terry, Sophie L.","Discussion","","","",""
""
"SEAT","SID","SURNAME","PREFNAME","LEVEL","UNITS","CLASS","MAJOR","GRADE","STATUS","EMAIL"
""
"CID","TERM","SUBJ","CRSE","SEC","UNITS"
"21870","200806","DEF","426","0","1.000 - 12.000"
""
"INSTRUCTOR(S)","TYPE","DAYS","TIME","BUILD","ROOM"
"","Variable","","","",""
""
"SEAT","SID","SURNAME","PREFNAME","LEVEL","UNITS","CLASS","MAJOR","GRADE","STATUS","EMAIL"
""
"CID","TERM","SUBJ","CRSE","SEC","UNITS"
"56615","200806","DEF","426","1","1.000 - 12.000"
""
"INSTRUCTOR(S)","TYPE","DAYS","TIME","BUILD","ROOM"
"Sanders, Julian R.","Variable","","","",""
""
"SEAT","SID","SURNAME","PREFNAME","LEVEL","UNITS","CLASS","MAJOR","GRADE","STATUS","EMAIL"
""
"CID","TERM","SUBJ","CRSE","SEC","UNITS"
"30757","200806","DEF","426","2","1.000 - 12.000"
""
"INSTRUCTOR(S)","TYPE","DAYS","TIME","BUILD","ROOM"
"Tyler, Isaac J.","Variable","","","",""
""
"SEAT","SID","SURNAME","PREFNAME","LEVEL","UNITS","CLASS","MAJOR","GRADE","STATUS","EMAIL"
""
"CID","TERM","SUBJ","CRSE","SEC","UNITS"
"47726","200806","DEF","426","12","1.000 - 12.000"
""
"INSTRUCTOR(S)","TYPE","DAYS","TIME","BUILD","ROOM"
"Cox, Jordan V.","Variable","","","",""
""
"SEAT","SID","SURNAME","PREFNAME","LEVEL","UNITS","CLASS","MAJOR","GRADE","STATUS","EMAIL"
"1","515271493","Williams","Julian","GR","1","GM","DEFG","S","RE","julian.m.williams@fakeu.edu"
""
"CID","TERM","SUBJ","CRSE","SEC","UNITS"
"55965","200806","DEF","426","22","1.000 - 12.000"
""
"INSTRUCTOR(S)","TYPE","DAYS","TIME","BUILD","ROOM"
"Suarez, Julian J.","Variable","","","",""
""
"SEAT","SID","SURNAME","PREFNAME","LEVEL","UNITS","CLASS","MAJOR","GRADE","STATUS","EMAIL"
"1","445760199","Byrd","Joshua","GR","1","D2","DEFG","NG","RE","joshua.g.byrd@fakeu.edu"
""
"CID","TERM","SUBJ","CRSE","SEC","UNITS"
"88244","200806","DEF","426","24","1.000 - 12.000"
""
"INSTRUCTOR(S)","TYPE","DAYS","TIME","BUILD","ROOM"
"Noel, Alexa K.","Variable","","","",""
""
"SEAT","SID","SURNAME","PREFNAME","LEVEL","UNITS","CLASS","MAJOR","GRADE","STATUS","EMAIL"
"1","150918412","Powers","David","GR","5","D1","ABCG","NG","RE","david.l.powers@fakeu.edu"
""
"CID","TERM","SUBJ","CRSE","SEC","UNITS"
"54503","200806","DEF","426","40","1.000 - 12.000"
""
"INSTRUCTOR(S)","TYPE","DAYS","TIME","BUILD","ROOM"
"Terry, Sophie L.","Variable","","","",""
""
"SEAT","SID","SURNAME","PREFNAME","LEVEL","UNITS","CLASS","MAJOR","GRADE","STATUS","EMAIL"
""
"CID","TERM","SUBJ","CRSE","SEC","UNITS"
"30459","200806","DEF","427","74","1"
""
"INSTRUCTOR(S)","TYPE","DAYS","TIME","BUILD","ROOM"
"","Discussion","","","",""
""
"SEAT","SID","SURNAME","PREFNAME","LEVEL","UNITS","CLASS","MAJOR","GRADE","STATUS","EMAIL"
